אינוונטר,תאריך קבלה,סטטוס,שם סטטוס,תאריך עדכון אחרון,פריט,"מחיר כניסה בש""ח",מחיר כניסה בדולר,תיאור האינוונטר,הערות לשורה מההזמנה,מחלקה,שם מחלקה,הזמנה,סריאלי,מחיר ידני,קוד סימון,תז שואל,פטור מותנה,מנוהל תמיד,קמפוס,שם קמפוס,בניין,שם בניין,קומה,חדר,הערות לפריט אומנות
158329,27/01/2020,3,מושאל,20/04/2021,60000728,"3,034.40",946.47,מחשב נייח - DELL Optiplex,dell-optiPlex7070MT/I5-9500/NVMe512GB/2X8G2666/DVDRW/Win10,5108,המחלקה למדעי המחשב,5104204,2MYQB23,,,,,,5,קמפוס מרקוס,37,בניין 37 אלון לטכנולוגיה עילית,0,7,
158330,27/01/2020,1,פעיל,27/01/2020,60000728,"3,034.40",946.47,מחשב נייח - DELL Optiplex,dell-optiPlex7070MT/I5-9500/NVMe512GB/2X8G2666/DVDRW/Win10,5108,המחלקה למדעי המחשב,5104204,7LYQB23,,,,,,5,קמפוס מרקוס,37,בניין 37 אלון לטכנולוגיה עילית,0,7,
158331,27/01/2020,1,פעיל,27/01/2020,60000728,"3,034.40",946.47,מחשב נייח - DELL Optiplex,dell-optiPlex7070MT/I5-9500/NVMe512GB/2X8G2666/DVDRW/Win10,5108,המחלקה למדעי המחשב,5104204,DJYQB23,,,,,,5,קמפוס מרקוס,37,בניין 37 אלון לטכנולוגיה עילית,0,7,
158484,11/02/2020,1,פעיל,11/02/2020,60000728,"3,526.93","1,100.10",מחשב נייח - DELL Optiplex,Dell-OptiPlex7070MT/I5-9500/NVMe512GB/4X8G2666/DVDRW/Win10pro,5108,המחלקה למדעי המחשב,5104077,45QRJ13,,,,,,5,קמפוס מרקוס,37,בניין 37 אלון לטכנולוגיה עילית,0,7,
162283,14/02/2021,1,פעיל,01/03/2021,60000728,"6,097.95","1,902.04",מחשב נייח - DELL Optiplex,מחשב DELL OptiPlex 7080,6416,מעבדות לחישה,5123048,B4PDH93,,,,לא,לא,7,קמפוס שדה בוקר,SB-1,,1,1,
162284,14/02/2021,1,פעיל,01/03/2021,60000728,"6,097.95","1,902.04",מחשב נייח - DELL Optiplex,מחשב DELL OptiPlex 7080,6416,מעבדות לחישה,5123048,C3PDH93,,,,לא,לא,7,קמפוס שדה בוקר,SB-1,,1,1,
162553,17/03/2021,1,פעיל,17/03/2021,60000728,"3,371.32","1,051.57",מחשב נייח - DELL Optiplex,תחנת עבודה DEL-PC- 7080007. 7080 Mini Tower BTO .OptiPlex ,5104,מדעי החיים,4372942,6PL4LB3,,,,,,5,קמפוס מרקוס,40,"בנין המחלקה למדעי החיים ע""ש טומן - 40",2,211,
163782,19/07/2021,1,פעיל,19/07/2021,60000728,"2,190.59",683.28,מחשב נייח - DELL Optiplex,"יצרן DELL דגם OptiPlex 7080 טכנולוגיה 10th Gen Intel . משפחת מעבד I5-10500 לוח אם - Chipset לפחות מסדרה Q470 . זיכרון - נפח מינימאלי 8GB זיכרון - תמיכה בנפח כולל . של לפחות 128GB זיכרון - כמות חריצים מינימאלית DIMM . 4  זיכרון - סוג DDR4 זיכרון  מהירות מינימאלית 2666MHZ . כרטיס מסך מובנה התומך בזיכרון של לפחות Graphics 630 . (Shared)Intel UHD כרטיס רשת 10/100/1000מובנה יציאה . 1לרמקולים מאוחדת כניסה 1למיקרופון מאוחדת יציאת DisplayPort . רגיל או מיני 2 יציאת VGA1 כמות יציאות USB USB2.0/3.x . כוללת 10 מתוך כלל  יציאות ה USB, כמות של לפחות  USB3.x\USB-CUSB . 3.X: 1 (Gen 2: 3) 6 :USB-C דיסק קשיח  טכנולוגיה NVMe . PCIe M.2 SSD דיסק קשיח  נפח מינימאלי 256GB כונן DVD-ROM+DVD-RW1 . תצורת מארז Tower/SFF מארז  תאי אחסון 3.5""/2.5"" פנימיים . SFF: 1 Tower: 2 מארז  תאי אחסון 5.25"" חיצוניים SLIM .  חריצי M.2 פנויים לפחות 3 עם תמיכה ב NVME חריצי X1 . PCI Express פנויים לפחות Tower-1 / SFF-0 חריץ Express X4 . PCI פנוי לפחות Tower-1 / SFF-1 חריץ PCI Express X16 . פנוי לפחות Tower-1 / SFF-1 מארז  ספק כוחעומד בתקן . 80Plus רישיון למערכת הפעלה לפחות Windows 10 Pro 64 . תו ירוק/ תקן חיסכון באנרגיה TCO 8.0 עכבר אופטי עם . 1גלילה 1מקלדת רמקול פנימימובנה ",6260,מכון המים,5128415,6PR5TD3,,,,,,7,קמפוס שדה בוקר,SB-11,,1,113,
155078,10/03/2019,1,פעיל,18/02/2020,10002462,"104,531.31","32,604.90",BrainAmp MR Plus 32 Channel System כולל מחשב נייד 43030659962,"מערכת למדידת גלי מוח של חברת Sensing .Wearable set of spare electrodes tips and Foam Pad  Onsite installation and training ,storage Internal Laptop, System: Dell DSI-24 ",5349,מדעי המוח והקוגניציה,4325886,DSI24-1318 s\n 43030659962,,,,לא,כן,5,קמפוס מרקוס,93,בנין 93 - C מתחם,קרקע,23,
151661,07/03/2018,1,פעיל,18/02/2020,10003817,"56,397.27","16,257.50",EEG System כולל מחשב נייד ,One (1) DSI-24C System,5349,מדעי המוח והקוגניציה,3924674,25988511890,,,,לא,כן,5,קמפוס מרקוס,72,"בנין הפקולטה למדה""ר ע""ש צוקר-גולדשטיין-גורן - 72",3,334,
151662,07/03/2018,1,פעיל,18/02/2020,10003817,"56,397.27","16,257.50",EEG System כולל מחשב נייד,One (1) DSI-24C System,5349,מדעי המוח והקוגניציה,3924674,37950737042,,,,לא,כן,5,קמפוס מרקוס,72,"בנין הפקולטה למדה""ר ע""ש צוקר-גולדשטיין-גורן - 72",3,334,
143616,07/01/2016,1,פעיל,07/01/2016,60000724,"3,568.99","1,113.22",LENOVO/X100E - מחשב נייד , Lenovo ThinkPad L440,5319,מסלול למזרח התיכון,4281232,R90HGOCR,,,,,,5,קמפוס מרקוס,72,"בנין הפקולטה למדה""ר ע""ש צוקר-גולדשטיין-גורן - 72",5,533,
144119,28/02/2016,1,פעיל,28/02/2016,60000724,"11,176.56","3,486.14",LENOVO/X100E - מחשב נייד ,מחשב נייד לנבו מסוג LENOVO X1 CARBON,5319,מסלול למזרח התיכון,4284079,R90OJTV1M,,,,,,5,קמפוס מרקוס,72,"בנין הפקולטה למדה""ר ע""ש צוקר-גולדשטיין-גורן - 72",5,533,
145161,21/06/2016,3,מושאל,05/12/2016,60000728,"3,263.23","1,017.85",מחשב נייח - DELL Optiplex,i7-6700 7040 sff optiplex. מחשב שולחני לפי מחירון של  חברת תים נטקום ,5102,מתמטיקה,5057917,DYSFDD2,,,,,,5,קמפוס מרקוס,58,"בנין מתמטיקה וגיאולוגיה ע""ש דייכמן-גרוסמן - 58",קרקע,5,
145287,11/07/2016,1,פעיל,11/07/2016,60000728,"3,280.99","1,023.39",מחשב נייח - DELL Optiplex,DELL OPTIPLEX 7040,6912,המכון לחקר המדבר)שדה בוקר),5059215,565VGD2,,,,,,7,קמפוס שדה בוקר,SB-6,,2,2,
146312,09/10/2016,1,פעיל,09/10/2016,60000728,"3,165.74",987.44,מחשב נייח - DELL Optiplex,"אחריות שלוש שנים בבית הלקוח 3.4G DVR VGA W7P/W10x64 . 1T/2X4G מחשב (Reads and Writes to DVD/CD) MT I76700 . Tower Processor Heatsink 65 Watt Tray load DVD Drive . inch 1TB 7200rpm Hard Disk Drive Mini 3.5 to 32GB . up ,slots Up to 4 DIMM Memory, (2x4G) 2133MHz DDR4 . 65W) DVD+/RW Bezel 8GB 3.4GHz, 8T, 8MB, Core, (Quad . Platinum) TPM Enabled Intel Core i76700 Processor . with 240W up to 92% efficient Power Supply (80Plus . DELL OPTIPLEX 7040 OptiPlex 7040 MT",5562,מחקרים ביו-רפואית,5061661,FSXYLD2,,,,,,5,קמפוס מרקוס,64,מתקן חלוץ - 64,1,103,
146420,30/10/2016,1,פעיל,30/10/2016,60000728,"2,801.80",873.92,מחשב נייח - DELL Optiplex,"מחשב OptiPlex 7040 SFF .i5-6500 עפ"" י הצעת המחיר .Q16321916 5 שנות אחריות",6730,"פקולטה לניהול ע""ש גלייזר",4292321,5NKNJG2,,,,,,5,קמפוס מרקוס,15,בנין בית הספר לניהול - 15,2,203,
146421,30/10/2016,1,פעיל,30/10/2016,60000728,"2,801.80",873.92,מחשב נייח - DELL Optiplex,"מחשב OptiPlex 7040 SFF .i5-6500 עפ"" י הצעת המחיר .Q16321916 5 שנות אחריות",6730,"פקולטה לניהול ע""ש גלייזר",4292321,5NRWJG2,,,,,,5,קמפוס מרקוס,15,בנין בית הספר לניהול - 15,2,203,
146422,30/10/2016,1,פעיל,30/10/2016,60000728,"2,655.78",828.38,מחשב נייח - DELL Optiplex,"3 Year warranty . Dell OptiPlex 7040 Micro Form Factor (i5-6500T), ",6732,מינהל עסקים,4292266,4HDWJG2,,,,,,5,קמפוס מרקוס,15,בנין בית הספר לניהול - 15,1,102,
146576,10/11/2016,1,פעיל,10/11/2016,60000728,"2,775.58",865.75,מחשב נייח - DELL Optiplex,"מחשב OptiPlex 7040 SFF .i5-6500 עפ"" י הצעת המחיר .Q16321916 5 שנות אחריות",6730,"פקולטה לניהול ע""ש גלייזר",4292321,5NMSJG2,,,,,,5,קמפוס מרקוס,15,בנין בית הספר לניהול - 15,2,203,
146577,10/11/2016,1,פעיל,10/11/2016,60000728,"2,775.58",865.75,מחשב נייח - DELL Optiplex,"מחשב OptiPlex 7040 SFF .i5-6500 עפ"" י הצעת המחיר .Q16321916 5 שנות אחריות",6730,"פקולטה לניהול ע""ש גלייזר",4292321,5NSPJG2,,,,,,5,קמפוס מרקוס,15,בנין בית הספר לניהול - 15,2,203,
146578,10/11/2016,1,פעיל,10/11/2016,60000728,"2,775.58",865.75,מחשב נייח - DELL Optiplex,"מחשב OptiPlex 7040 SFF .i5-6500 עפ"" י הצעת המחיר .Q16321916 5 שנות אחריות",6730,"פקולטה לניהול ע""ש גלייזר",4292321,5NPQJG2,,,,,,5,קמפוס מרקוס,15,בנין בית הספר לניהול - 15,2,203,
146579,10/11/2016,1,פעיל,10/11/2016,60000728,"2,775.58",865.75,מחשב נייח - DELL Optiplex,"מחשב OptiPlex 7040 SFF .i5-6500 עפ"" י הצעת המחיר .Q16321916 5 שנות אחריות",6730,"פקולטה לניהול ע""ש גלייזר",4292321,5NSWJG2,,,,,,5,קמפוס מרקוס,15,בנין בית הספר לניהול - 15,2,203,
146580,10/11/2016,1,פעיל,10/11/2016,60000728,"2,775.58",865.75,מחשב נייח - DELL Optiplex,"מחשב OptiPlex 7040 SFF .i5-6500 עפ"" י הצעת המחיר .Q16321916 5 שנות אחריות",6730,"פקולטה לניהול ע""ש גלייזר",4292321,5NLTJG2,,,,,,5,קמפוס מרקוס,15,בנין בית הספר לניהול - 15,2,203,
146581,10/11/2016,1,פעיל,10/11/2016,60000728,"2,775.58",865.75,מחשב נייח - DELL Optiplex,"מחשב OptiPlex 7040 SFF .i5-6500 עפ"" י הצעת המחיר .Q16321916 5 שנות אחריות",6730,"פקולטה לניהול ע""ש גלייזר",4292321,5NMMJG2,,,,,,5,קמפוס מרקוס,15,בנין בית הספר לניהול - 15,2,203,
146582,10/11/2016,1,פעיל,10/11/2016,60000728,"2,775.58",865.75,מחשב נייח - DELL Optiplex,"מחשב OptiPlex 7040 SFF .i5-6500 עפ"" י הצעת המחיר .Q16321916 5 שנות אחריות",6730,"פקולטה לניהול ע""ש גלייזר",4292321,5NJWJG2,,,,,,5,קמפוס מרקוס,15,בנין בית הספר לניהול - 15,2,203,
146583,10/11/2016,1,פעיל,10/11/2016,60000728,"2,775.58",865.75,מחשב נייח - DELL Optiplex,"מחשב OptiPlex 7040 SFF .i5-6500 עפ"" י הצעת המחיר .Q16321916 5 שנות אחריות",6730,"פקולטה לניהול ע""ש גלייזר",4292321,5NJPJG2,,,,,,5,קמפוס מרקוס,15,בנין בית הספר לניהול - 15,2,203,
146584,10/11/2016,1,פעיל,10/11/2016,60000728,"2,775.58",865.75,מחשב נייח - DELL Optiplex,"מחשב OptiPlex 7040 SFF .i5-6500 עפ"" י הצעת המחיר .Q16321916 5 שנות אחריות",6730,"פקולטה לניהול ע""ש גלייזר",4292321,5NQQJG2,,,,,,5,קמפוס מרקוס,15,בנין בית הספר לניהול - 15,2,203,
146585,10/11/2016,1,פעיל,10/11/2016,60000728,"2,775.58",865.75,מחשב נייח - DELL Optiplex,"מחשב OptiPlex 7040 SFF .i5-6500 עפ"" י הצעת המחיר .Q16321916 5 שנות אחריות",6730,"פקולטה לניהול ע""ש גלייזר",4292321,5NSSJG2,,,,,,5,קמפוס מרקוס,15,בנין בית הספר לניהול - 15,2,203,
146586,10/11/2016,1,פעיל,10/11/2016,60000728,"2,775.58",865.75,מחשב נייח - DELL Optiplex,"מחשב OptiPlex 7040 SFF .i5-6500 עפ"" י הצעת המחיר .Q16321916 5 שנות אחריות",6730,"פקולטה לניהול ע""ש גלייזר",4292321,5NJVJG2,,,,,,5,קמפוס מרקוס,15,בנין בית הספר לניהול - 15,2,203,
146587,10/11/2016,1,פעיל,10/11/2016,60000728,"2,775.58",865.75,מחשב נייח - DELL Optiplex,"מחשב OptiPlex 7040 SFF .i5-6500 עפ"" י הצעת המחיר .Q16321916 5 שנות אחריות",6730,"פקולטה לניהול ע""ש גלייזר",4292321,5NPMJG2,,,,,,5,קמפוס מרקוס,15,בנין בית הספר לניהול - 15,2,203,
146588,10/11/2016,1,פעיל,10/11/2016,60000728,"2,775.58",865.75,מחשב נייח - DELL Optiplex,"מחשב OptiPlex 7040 SFF .i5-6500 עפ"" י הצעת המחיר .Q16321916 5 שנות אחריות",6730,"פקולטה לניהול ע""ש גלייזר",4292321,5NRQJG2,,,,,,5,קמפוס מרקוס,15,בנין בית הספר לניהול - 15,2,203,
146589,10/11/2016,1,פעיל,10/11/2016,60000728,"2,775.58",865.75,מחשב נייח - DELL Optiplex,"מחשב OptiPlex 7040 SFF .i5-6500 עפ"" י הצעת המחיר .Q16321916 5 שנות אחריות",6730,"פקולטה לניהול ע""ש גלייזר",4292321,5NLNJG2,,,,,,5,קמפוס מרקוס,15,בנין בית הספר לניהול - 15,2,203,
146590,10/11/2016,1,פעיל,10/11/2016,60000728,"2,775.58",865.75,מחשב נייח - DELL Optiplex,"מחשב OptiPlex 7040 SFF .i5-6500 עפ"" י הצעת המחיר .Q16321916 5 שנות אחריות",6730,"פקולטה לניהול ע""ש גלייזר",4292321,5NPVJG2,,,,,,5,קמפוס מרקוס,15,בנין בית הספר לניהול - 15,2,203,
146591,10/11/2016,1,פעיל,10/11/2016,60000728,"2,775.58",865.75,מחשב נייח - DELL Optiplex,"מחשב OptiPlex 7040 SFF .i5-6500 עפ"" י הצעת המחיר .Q16321916 5 שנות אחריות",6730,"פקולטה לניהול ע""ש גלייזר",4292321,5NRTJG2,,,,,,5,קמפוס מרקוס,15,בנין בית הספר לניהול - 15,2,203,
146592,10/11/2016,1,פעיל,10/11/2016,60000728,"2,775.58",865.75,מחשב נייח - DELL Optiplex,"מחשב OptiPlex 7040 SFF .i5-6500 עפ"" י הצעת המחיר .Q16321916 5 שנות אחריות",6730,"פקולטה לניהול ע""ש גלייזר",4292321,5NJQJG2,,,,,,5,קמפוס מרקוס,15,בנין בית הספר לניהול - 15,2,203,
146593,10/11/2016,1,פעיל,10/11/2016,60000728,"2,775.58",865.75,מחשב נייח - DELL Optiplex,"מחשב OptiPlex 7040 SFF .i5-6500 עפ"" י הצעת המחיר .Q16321916 5 שנות אחריות",6730,"פקולטה לניהול ע""ש גלייזר",4292321,5NNNJG2,,,,,,5,קמפוס מרקוס,15,בנין בית הספר לניהול - 15,2,203,
146594,10/11/2016,1,פעיל,10/11/2016,60000728,"2,775.58",865.75,מחשב נייח - DELL Optiplex,"מחשב OptiPlex 7040 SFF .i5-6500 עפ"" י הצעת המחיר .Q16321916 5 שנות אחריות",6730,"פקולטה לניהול ע""ש גלייזר",4292321,5NJRJG2,,,,,,5,קמפוס מרקוס,15,בנין בית הספר לניהול - 15,2,203,
146595,10/11/2016,1,פעיל,10/11/2016,60000728,"2,775.58",865.75,מחשב נייח - DELL Optiplex,"מחשב OptiPlex 7040 SFF .i5-6500 עפ"" י הצעת המחיר .Q16321916 5 שנות אחריות",6730,"פקולטה לניהול ע""ש גלייזר",4292321,5NRMJG2,,,,,,5,קמפוס מרקוס,15,בנין בית הספר לניהול - 15,2,203,
146596,10/11/2016,1,פעיל,10/11/2016,60000728,"2,775.58",865.75,מחשב נייח - DELL Optiplex,"מחשב OptiPlex 7040 SFF .i5-6500 עפ"" י הצעת המחיר .Q16321916 5 שנות אחריות",6730,"פקולטה לניהול ע""ש גלייזר",4292321,5NJMJG2,,,,,,5,קמפוס מרקוס,15,בנין בית הספר לניהול - 15,2,203,
146597,10/11/2016,1,פעיל,10/11/2016,60000728,"2,775.58",865.75,מחשב נייח - DELL Optiplex,"מחשב OptiPlex 7040 SFF .i5-6500 עפ"" י הצעת המחיר .Q16321916 5 שנות אחריות",6730,"פקולטה לניהול ע""ש גלייזר",4292321,5NNSJG2,,,,,,5,קמפוס מרקוס,15,בנין בית הספר לניהול - 15,2,203,
146598,10/11/2016,1,פעיל,10/11/2016,60000728,"2,775.58",865.75,מחשב נייח - DELL Optiplex,"מחשב OptiPlex 7040 SFF .i5-6500 עפ"" י הצעת המחיר .Q16321916 5 שנות אחריות",6730,"פקולטה לניהול ע""ש גלייזר",4292321,5NQTJG2,,,,לא,לא,5,קמפוס מרקוס,15,בנין בית הספר לניהול - 15,2,203,
146599,10/11/2016,1,פעיל,10/11/2016,60000728,"2,775.58",865.75,מחשב נייח - DELL Optiplex,"מחשב OptiPlex 7040 SFF .i5-6500 עפ"" י הצעת המחיר .Q16321916 5 שנות אחריות",6730,"פקולטה לניהול ע""ש גלייזר",4292321,5NHTJG2,,,,לא,לא,5,קמפוס מרקוס,15,בנין בית הספר לניהול - 15,2,203,
146695,20/11/2016,1,פעיל,25/11/2018,60000728,"4,448.01","1,387.40",מחשב נייח - DELL Optiplex,Dell OPTIPLEX MT 7040 I7-6700/SSD256R/INTEL HD/8GB DDR4 /WIN10PRO 64BIT DG7/3Y-OS,5557,מחקרים הנדסת מכונות,5062157,FSBWLD2,,,,,,5,קמפוס מרקוס,55,"בנין המחלקה להנדסת מכונות ע""ש סורף - 55",3,308,
146771,23/11/2016,1,פעיל,23/11/2016,60000728,"4,073.74","1,270.66",מחשב נייח - DELL Optiplex,OPTIPLEX 7040 Intel Core i76700 DELL. מחשב DELL,5303,ספרויות זרות ובלשנות,5062838,FRX2MD2,,,,,,5,קמפוס מרקוס,74,74 - בנין משפחת הלן דילר,5,527,
146840,30/11/2016,1,פעיל,30/11/2016,60000728,"4,774.00","1,489.08",מחשב נייח - DELL Optiplex,OptiPlex 7040 MT .Dell מחשב נייח DELL OPTIPLEX  7141,5950,מחקרים רפואיים,4294207,FS3XLD2,,,,,,5,קמפוס מרקוס,M7,"M7 - בנין משרדי רפואה ע""ש אליה",3,300,
146890,07/12/2016,1,פעיל,07/12/2016,60000728,"3,228.34","1,006.97",מחשב נייח - DELL Optiplex,"OptiPlex 7040 MT .Dell DELL-PC-7040002 לפי הצעת מחיר מצ"" ב",5315,ספרות עברית,4295081,HY83D92,,,,,,5,קמפוס מרקוס,74,74 - בנין משפחת הלן דילר,4,467,
146900,11/12/2016,1,פעיל,11/12/2016,60000728,"3,681.00","1,148.16",מחשב נייח - DELL Optiplex," DELL OPTIPLEX 7O4O- מחשב נייח, כולל  זכרון DDR4, מסך ""23.8, חיבור VGA, שלוש שנות אחריות, תוספת למעבד .i7. בהתאם להצעת מחיר Q16330201",8298,0,5063172,1C0LCD2,,,,,,13,פארק הייטק,P1,בניין גב ים - P1,3,314,
147135,28/12/2016,1,פעיל,28/12/2016,60000728,"3,212.43","1,002.01",מחשב נייח - DELL Optiplex,DELL OPTIPLEX 7040,5306,פסיכולוגיה,5064210,FRL1MO2,,,,,,5,קמפוס מרקוס,97,אילנות 97,1,124,
147181,01/01/2017,1,פעיל,01/01/2017,60000728,"3,108.11",969.47,מחשב נייח - DELL Optiplex,מחשב נייח INTEL CORE I7 PROCESSOR 6TH GENERATION (תצורה . DELL (2 תים נטקום,5154,מחקרים מדעי החיים,4296584,HXXVLD2,,,,,,5,קמפוס מרקוס,40,"בנין המחלקה למדעי החיים ע""ש טומן - 40",0,7,
147196,02/01/2017,1,פעיל,02/01/2017,60000728,"2,354.40",734.37,מחשב נייח - DELL Optiplex, .dell optiplex 7040MT,5910,מיקרוביולוגיה - מדעי הבריאות,5064077,1MSMCD2,,,,,,5,קמפוס מרקוס,M6,"M6 - בנין מעבדות מחקר רפואה ע""ש דייכמן - פלאם",2,234,
147197,02/01/2017,5,נגרע,19/08/2020,60000728,"2,354.40",734.37,מחשב נייח - DELL Optiplex, .dell optiplex 7040MT,5910,מיקרוביולוגיה - מדעי הבריאות,5064077,1MXPCD2,,126,,,,5,קמפוס מרקוס,M6,"M6 - בנין מעבדות מחקר רפואה ע""ש דייכמן - פלאם",2,234,
147429,25/01/2017,1,פעיל,25/01/2017,60000728,"4,726.40","1,474.24",מחשב נייח - DELL Optiplex,"מחשב נייח, DELL OPTIPLEX 7040 לפי המפרט, כולל זכריון, . אחריות 3-ל שנים",6426,מכון לסביבה,5065173,FQD1MD2,,,,,,7,קמפוס שדה בוקר,SB-26,,קרקע,15,
147552,08/02/2017,1,פעיל,25/01/2021,60000728,"4,394.80","1,370.81",מחשב נייח - DELL Optiplex,מחשב DELL לפי הצעת מחיר .Q17339155. i7-6700 dell optiplex 7040,5308,כלכלה,5065863,1LFMCD2,,,,,,5,קמפוס מרקוס,72,"בנין הפקולטה למדה""ר ע""ש צוקר-גולדשטיין-גורן - 72",4,459,
147590,13/02/2017,1,פעיל,25/01/2021,60000728,"4,387.79","1,368.62",מחשב נייח - DELL Optiplex,processor i7-6700 optiplex 7040 dell. מחשב DELL לפי הצעת מחיר מספר Q17339155,5308,כלכלה,5065805,1LHMCD2,,,,,,5,קמפוס מרקוס,72,"בנין הפקולטה למדה""ר ע""ש צוקר-גולדשטיין-גורן - 72",4,459,
148106,30/04/2017,1,פעיל,30/04/2017,60000728,"2,114.95",659.68,מחשב נייח - DELL Optiplex,,5707,תכנון תקצוב וכלכלה,4299719,HOXHCD2,,,,,,5,קמפוס מרקוס,35,כיתות - בניין 35,0,13,
148107,30/04/2017,1,פעיל,30/04/2017,60000728,"2,114.95",659.68,מחשב נייח - DELL Optiplex,,5707,תכנון תקצוב וכלכלה,4299719,H1KNCD2,,,,,,5,קמפוס מרקוס,35,כיתות - בניין 35,0,13,
148108,30/04/2017,1,פעיל,30/04/2017,60000728,"2,114.95",659.68,מחשב נייח - DELL Optiplex,,5707,תכנון תקצוב וכלכלה,4299719,HOMHCD2,,,,,,5,קמפוס מרקוס,35,כיתות - בניין 35,0,13,
148219,14/05/2017,1,פעיל,14/05/2017,60000728,"2,950.86",920.42,מחשב נייח - DELL Optiplex,Core i5 Dell OptiPlex 3040 Micro OP3040 .Intel OP3040 MICRO I56500T מחשב 256/2X4G W7/W10PROX64 ,5306,פסיכולוגיה,4301845,4VLKYJ2,,,,,,5,קמפוס מרקוס,95,בנין מעבדות למחקרים מתקדמים)מט''מ) - 95,0,001A,
148356,28/05/2017,3,מושאל,03/03/2020,60000728,"3,728.83","1,163.08",מחשב נייח - DELL Optiplex,dell OptiPlex 7050 Mini Tower (Intel Core i7-7700 Processor,8298,0,5068940,H9C34J2,,,,לא,לא,13,פארק הייטק,P1,בניין גב ים - P1,3,314,
148366,29/05/2017,1,פעיל,29/05/2017,60000728,"2,942.57",917.83,מחשב נייח - DELL Optiplex,"מחשב MT 17-6700 3.4G W7P/W10X64 1T/2X4G DVR VGA מק"" . ט DEL-PC-7040002",5926,החוג לגרנטולוגיה,4302903,H8WY3J2,,,,,,5,קמפוס מרקוס,M7,"M7 - בנין משרדי רפואה ע""ש אליה",3,311,
148397,07/06/2017,1,פעיל,07/06/2017,60000728,"5,245.20","1,636.06",מחשב נייח - DELL Optiplex,DELL OPTIPLEX 7050 I7-7700,5507,הנדסת מכונות,4302203,H99X3J2,,,,,,5,קמפוס מרקוס,55,"בנין המחלקה להנדסת מכונות ע""ש סורף - 55",2,201,
148398,07/06/2017,1,פעיל,07/06/2017,60000728,"5,245.20","1,636.06",מחשב נייח - DELL Optiplex,DELL OPTIPLEX 7050 I7-7700,5507,הנדסת מכונות,4302203,H9G54J2,,,,,,5,קמפוס מרקוס,55,"בנין המחלקה להנדסת מכונות ע""ש סורף - 55",2,201,
148915,26/07/2017,1,פעיל,26/07/2017,60000728,"2,691.00",839.36,מחשב נייח - DELL Optiplex,DELL OPTIPLEX 3050 מחשב. 3050 Small Form Factor .OptiPlex Enabled TPM. Core i57500 .Intel supports Windows 10/Linux .(QC/6MB/4T/3.4GHz/65W( מחשב DELL  עם 3 שנים אחריות,5507,הנדסת מכונות,4304218,1Z1Q3K2,,,,,,5,קמפוס מרקוס,55,"בנין המחלקה להנדסת מכונות ע""ש סורף - 55",2,205,
149013,09/08/2017,1,פעיל,09/08/2017,60000728,"2,468.81",770.06,מחשב נייח - DELL Optiplex,"מחשב 16GB 2133MHz DDR4 DELL OPTIPLEX 7040 MT ,DVD . 256GB SSD  M.2 500GB 7200RPM HARD DISK ",5501,דיקן הפקולטה לטכנולוגיה,4304815,HJN04J2,,,,,,5,קמפוס מרקוס,56,"בנין הפקולטה למדעי ההנדסה ע""ש גודמן - 56",3,303,
149014,09/08/2017,1,פעיל,09/08/2017,60000728,"5,836.96","1,820.64",מחשב נייח - DELL Optiplex,17-7700 optiplex 7050MT dell. מחשב DELL  OPTIPLEX 7050 כולל התוספות  הרשומות בהצעת . מחיר ,5557,מחקרים הנדסת מכונות,5070930,8Z6Q4J2,,,,,,5,קמפוס מרקוס,57,"בנין מעבדות כבדות ע""ש סורף - 57",0,11,
149043,09/08/2017,1,פעיל,04/09/2017,60000728,"2,918.29",910.26,מחשב נייח - DELL Optiplex,מחשבים למדעי החיים.. OptiPlex 7050 Mini tower לפי תצורה א' של המכרז. . שדרוג למעבד .i7-6700. שדרוג לדיסק 512SSD.,5104,מדעי החיים,4301890, DYWSDK2,,,,לא,לא,5,קמפוס מרקוס,40,"בנין המחלקה למדעי החיים ע""ש טומן - 40",3,317,
149044,09/08/2017,1,פעיל,04/09/2017,60000728,"2,918.29",910.26,מחשב נייח - DELL Optiplex,מחשבים למדעי החיים.. OptiPlex 7050 Mini tower לפי תצורה א' של המכרז. . שדרוג למעבד .i7-6700. שדרוג לדיסק 512SSD.,5104,מדעי החיים,4301890, DYY6DK2,,,,לא,לא,5,קמפוס מרקוס,40,"בנין המחלקה למדעי החיים ע""ש טומן - 40",3,317,
149045,09/08/2017,1,פעיל,04/09/2017,60000728,"2,918.29",910.26,מחשב נייח - DELL Optiplex,מחשבים למדעי החיים.. OptiPlex 7050 Mini tower לפי תצורה א' של המכרז. . שדרוג למעבד .i7-6700. שדרוג לדיסק 512SSD.,5104,מדעי החיים,4301890, DZ69DK2,,,,לא,לא,5,קמפוס מרקוס,40,"בנין המחלקה למדעי החיים ע""ש טומן - 40",3,317,
149046,09/08/2017,1,פעיל,04/09/2017,60000728,"2,918.29",910.26,מחשב נייח - DELL Optiplex,מחשבים למדעי החיים.. OptiPlex 7050 Mini tower לפי תצורה א' של המכרז. . שדרוג למעבד .i7-6700. שדרוג לדיסק 512SSD.,5104,מדעי החיים,4301890, DZ59DK2,,,,לא,לא,5,קמפוס מרקוס,40,"בנין המחלקה למדעי החיים ע""ש טומן - 40",3,317,
149047,09/08/2017,1,פעיל,04/09/2017,60000728,"2,918.29",910.26,מחשב נייח - DELL Optiplex,מחשבים למדעי החיים.. OptiPlex 7050 Mini tower לפי תצורה א' של המכרז. . שדרוג למעבד .i7-6700. שדרוג לדיסק 512SSD.,5104,מדעי החיים,4301890, DYZ6DK2 ,,,,לא,לא,5,קמפוס מרקוס,40,"בנין המחלקה למדעי החיים ע""ש טומן - 40",3,317,
149048,09/08/2017,1,פעיל,04/09/2017,60000728,"2,918.29",910.26,מחשב נייח - DELL Optiplex,מחשבים למדעי החיים.. OptiPlex 7050 Mini tower לפי תצורה א' של המכרז. . שדרוג למעבד .i7-6700. שדרוג לדיסק 512SSD.,5104,מדעי החיים,4301890, DYQ4DK2  ,,,,לא,לא,5,קמפוס מרקוס,40,"בנין המחלקה למדעי החיים ע""ש טומן - 40",3,317,
149049,09/08/2017,1,פעיל,04/09/2017,60000728,"2,918.29",910.26,מחשב נייח - DELL Optiplex,מחשבים למדעי החיים.. OptiPlex 7050 Mini tower לפי תצורה א' של המכרז. . שדרוג למעבד .i7-6700. שדרוג לדיסק 512SSD.,5104,מדעי החיים,4301890, DZ97DK2,,,,לא,לא,5,קמפוס מרקוס,40,"בנין המחלקה למדעי החיים ע""ש טומן - 40",3,317,
149050,09/08/2017,1,פעיל,04/09/2017,60000728,"2,918.29",910.26,מחשב נייח - DELL Optiplex,מחשבים למדעי החיים.. OptiPlex 7050 Mini tower לפי תצורה א' של המכרז. . שדרוג למעבד .i7-6700. שדרוג לדיסק 512SSD.,5104,מדעי החיים,4301890, DZ74DK2,,,,לא,לא,5,קמפוס מרקוס,40,"בנין המחלקה למדעי החיים ע""ש טומן - 40",3,317,
149051,09/08/2017,1,פעיל,04/09/2017,60000728,"2,918.29",910.26,מחשב נייח - DELL Optiplex,מחשבים למדעי החיים.. OptiPlex 7050 Mini tower לפי תצורה א' של המכרז. . שדרוג למעבד .i7-6700. שדרוג לדיסק 512SSD.,5104,מדעי החיים,4301890, DYT8DK2,,,,לא,לא,5,קמפוס מרקוס,40,"בנין המחלקה למדעי החיים ע""ש טומן - 40",3,317,
149052,09/08/2017,1,פעיל,04/09/2017,60000728,"2,918.29",910.26,מחשב נייח - DELL Optiplex,מחשבים למדעי החיים.. OptiPlex 7050 Mini tower לפי תצורה א' של המכרז. . שדרוג למעבד .i7-6700. שדרוג לדיסק 512SSD.,5104,מדעי החיים,4301890, DZ84DK2,,,,לא,לא,5,קמפוס מרקוס,40,"בנין המחלקה למדעי החיים ע""ש טומן - 40",3,317,
149053,09/08/2017,1,פעיל,04/09/2017,60000728,"2,918.29",910.26,מחשב נייח - DELL Optiplex,מחשבים למדעי החיים.. OptiPlex 7050 Mini tower לפי תצורה א' של המכרז. . שדרוג למעבד .i7-6700. שדרוג לדיסק 512SSD.,5104,מדעי החיים,4301890, DZ15DK2,,,,לא,לא,5,קמפוס מרקוס,40,"בנין המחלקה למדעי החיים ע""ש טומן - 40",3,317,
149054,09/08/2017,1,פעיל,04/09/2017,60000728,"2,918.29",910.26,מחשב נייח - DELL Optiplex,מחשבים למדעי החיים.. OptiPlex 7050 Mini tower לפי תצורה א' של המכרז. . שדרוג למעבד .i7-6700. שדרוג לדיסק 512SSD.,5104,מדעי החיים,4301890, DZFBDK2,,,,לא,לא,5,קמפוס מרקוס,40,"בנין המחלקה למדעי החיים ע""ש טומן - 40",3,317,
149055,09/08/2017,1,פעיל,04/09/2017,60000728,"2,918.29",910.26,מחשב נייח - DELL Optiplex,מחשבים למדעי החיים.. OptiPlex 7050 Mini tower לפי תצורה א' של המכרז. . שדרוג למעבד .i7-6700. שדרוג לדיסק 512SSD.,5104,מדעי החיים,4301890, DZC6DK2,,,,לא,לא,5,קמפוס מרקוס,40,"בנין המחלקה למדעי החיים ע""ש טומן - 40",3,317,
149056,09/08/2017,1,פעיל,04/09/2017,60000728,"2,918.29",910.26,מחשב נייח - DELL Optiplex,מחשבים למדעי החיים.. OptiPlex 7050 Mini tower לפי תצורה א' של המכרז. . שדרוג למעבד .i7-6700. שדרוג לדיסק 512SSD.,5104,מדעי החיים,4301890, DZ78DK2,,,,לא,לא,5,קמפוס מרקוס,40,"בנין המחלקה למדעי החיים ע""ש טומן - 40",3,317,
149057,09/08/2017,1,פעיל,04/09/2017,60000728,"2,918.29",910.26,מחשב נייח - DELL Optiplex,מחשבים למדעי החיים.. OptiPlex 7050 Mini tower לפי תצורה א' של המכרז. . שדרוג למעבד .i7-6700. שדרוג לדיסק 512SSD.,5104,מדעי החיים,4301890, DZ64DK2,,,,לא,לא,5,קמפוס מרקוס,40,"בנין המחלקה למדעי החיים ע""ש טומן - 40",3,317,
149058,09/08/2017,1,פעיל,04/09/2017,60000728,"2,918.29",910.26,מחשב נייח - DELL Optiplex,מחשבים למדעי החיים.. OptiPlex 7050 Mini tower לפי תצורה א' של המכרז. . שדרוג למעבד .i7-6700. שדרוג לדיסק 512SSD.,5104,מדעי החיים,4301890, DZD4DK2,,,,לא,לא,5,קמפוס מרקוס,40,"בנין המחלקה למדעי החיים ע""ש טומן - 40",3,317,
149059,09/08/2017,1,פעיל,04/09/2017,60000728,"2,918.29",910.26,מחשב נייח - DELL Optiplex,מחשבים למדעי החיים.. OptiPlex 7050 Mini tower לפי תצורה א' של המכרז. . שדרוג למעבד .i7-6700. שדרוג לדיסק 512SSD.,5104,מדעי החיים,4301890, DZ2CDK2,,,,לא,לא,5,קמפוס מרקוס,40,"בנין המחלקה למדעי החיים ע""ש טומן - 40",3,317,
149060,09/08/2017,1,פעיל,04/09/2017,60000728,"2,918.29",910.26,מחשב נייח - DELL Optiplex,מחשבים למדעי החיים.. OptiPlex 7050 Mini tower לפי תצורה א' של המכרז. . שדרוג למעבד .i7-6700. שדרוג לדיסק 512SSD.,5104,מדעי החיים,4301890, DZ8BDK2,,,,לא,לא,5,קמפוס מרקוס,40,"בנין המחלקה למדעי החיים ע""ש טומן - 40",3,317,
149061,09/08/2017,1,פעיל,04/09/2017,60000728,"2,918.29",910.26,מחשב נייח - DELL Optiplex,מחשבים למדעי החיים.. OptiPlex 7050 Mini tower לפי תצורה א' של המכרז. . שדרוג למעבד .i7-6700. שדרוג לדיסק 512SSD.,5104,מדעי החיים,4301890, DZBBDK2,,,,לא,לא,5,קמפוס מרקוס,40,"בנין המחלקה למדעי החיים ע""ש טומן - 40",3,317,
149062,09/08/2017,1,פעיל,04/09/2017,60000728,"2,918.29",910.26,מחשב נייח - DELL Optiplex,מחשבים למדעי החיים.. OptiPlex 7050 Mini tower לפי תצורה א' של המכרז. . שדרוג למעבד .i7-6700. שדרוג לדיסק 512SSD.,5104,מדעי החיים,4301890, DYX4DK2,,,,לא,לא,5,קמפוס מרקוס,40,"בנין המחלקה למדעי החיים ע""ש טומן - 40",3,317,
149063,09/08/2017,1,פעיל,04/09/2017,60000728,"2,918.29",910.26,מחשב נייח - DELL Optiplex,מחשבים למדעי החיים.. OptiPlex 7050 Mini tower לפי תצורה א' של המכרז. . שדרוג למעבד .i7-6700. שדרוג לדיסק 512SSD.,5104,מדעי החיים,4301890, DZB3DK2,,,,לא,לא,5,קמפוס מרקוס,40,"בנין המחלקה למדעי החיים ע""ש טומן - 40",3,317,
149064,09/08/2017,1,פעיל,04/09/2017,60000728,"2,918.29",910.26,מחשב נייח - DELL Optiplex,מחשבים למדעי החיים.. OptiPlex 7050 Mini tower לפי תצורה א' של המכרז. . שדרוג למעבד .i7-6700. שדרוג לדיסק 512SSD.,5104,מדעי החיים,4301890, DYR9DK2,,,,לא,לא,5,קמפוס מרקוס,40,"בנין המחלקה למדעי החיים ע""ש טומן - 40",3,317,
149065,09/08/2017,1,פעיל,04/09/2017,60000728,"2,918.29",910.26,מחשב נייח - DELL Optiplex,מחשבים למדעי החיים.. OptiPlex 7050 Mini tower לפי תצורה א' של המכרז. . שדרוג למעבד .i7-6700. שדרוג לדיסק 512SSD.,5104,מדעי החיים,4301890, DZ05DK2,,,,לא,לא,5,קמפוס מרקוס,40,"בנין המחלקה למדעי החיים ע""ש טומן - 40",3,317,
149066,09/08/2017,1,פעיל,04/09/2017,60000728,"2,918.29",910.26,מחשב נייח - DELL Optiplex,מחשבים למדעי החיים.. OptiPlex 7050 Mini tower לפי תצורה א' של המכרז. . שדרוג למעבד .i7-6700. שדרוג לדיסק 512SSD.,5104,מדעי החיים,4301890, DZDBDK2,,,,לא,לא,5,קמפוס מרקוס,40,"בנין המחלקה למדעי החיים ע""ש טומן - 40",3,317,
149067,09/08/2017,1,פעיל,04/09/2017,60000728,"2,918.29",910.26,מחשב נייח - DELL Optiplex,מחשבים למדעי החיים.. OptiPlex 7050 Mini tower לפי תצורה א' של המכרז. . שדרוג למעבד .i7-6700. שדרוג לדיסק 512SSD.,5104,מדעי החיים,4301890, DZ4CDK2,,,,לא,לא,5,קמפוס מרקוס,40,"בנין המחלקה למדעי החיים ע""ש טומן - 40",3,317,
149068,09/08/2017,1,פעיל,04/09/2017,60000728,"2,918.29",910.26,מחשב נייח - DELL Optiplex,מחשבים למדעי החיים.. OptiPlex 7050 Mini tower לפי תצורה א' של המכרז. . שדרוג למעבד .i7-6700. שדרוג לדיסק 512SSD.,5104,מדעי החיים,4301890, DZF5DK2,,,,לא,לא,5,קמפוס מרקוס,40,"בנין המחלקה למדעי החיים ע""ש טומן - 40",3,317,
149069,09/08/2017,1,פעיל,04/09/2017,60000728,"2,918.29",910.26,מחשב נייח - DELL Optiplex,מחשבים למדעי החיים.. OptiPlex 7050 Mini tower לפי תצורה א' של המכרז. . שדרוג למעבד .i7-6700. שדרוג לדיסק 512SSD.,5104,מדעי החיים,4301890, DZ45DK2,,,,לא,לא,5,קמפוס מרקוס,40,"בנין המחלקה למדעי החיים ע""ש טומן - 40",3,317,
149383,12/09/2017,1,פעיל,12/09/2017,60000728,"3,060.72",954.68,מחשב נייח - DELL Optiplex,5050 MT with 240W up to 85% efficient Power Supply (80Plus Bronze) .OptiPlex Enabled TPM. Processor  i7-7700 Core .Intel מחשב OPTIFLEX 5050,5910,מיקרוביולוגיה - מדעי הבריאות,5071834,8ZNP4J2,,,,,,1,מדעי הבריאות סורוקה,SRK6,"בי""ח סרוקה אשפוז פנימיות-ק 6",6,672,
149403,12/09/2017,1,פעיל,12/09/2017,60000728,"2,054.60",640.86,מחשב נייח - DELL Optiplex,מחשב בסיסי לפי הצעה,5331,תקשורת השוואתית:טכנולוגיה וחברה,4306958,6WHFQK2,,,,,,5,קמפוס מרקוס,72,"בנין הפקולטה למדה""ר ע""ש צוקר-גולדשטיין-גורן - 72",5,540,
149404,12/09/2017,1,פעיל,12/09/2017,60000728,"3,046.93",950.38,מחשב נייח - DELL Optiplex,3.6G 1T/2X4G DVR .MT I77700 .OptiPlex 5050 MT TPM Enabled,5901,דיקן הפקולטה למדעי הבריאות,4306928,H6644J2,,,,,,5,קמפוס מרקוס,M7,"M7 - בנין משרדי רפואה ע""ש אליה",2,214,
149512,18/09/2017,1,פעיל,18/09/2017,60000728,"2,697.37",841.35,מחשב נייח - DELL Optiplex,מחשב DEL-PC-7050C15 +דיסק OTH-05-256SSD-M2 . ,5950,מחקרים רפואיים,5072180,9WWCQK2,,,,,,1,מדעי הבריאות סורוקה,SRK2,"בי""ח סרוקה מכון להתפתחות הילד",2,2,
149513,18/09/2017,1,פעיל,18/09/2017,60000728,"2,697.37",841.35,מחשב נייח - DELL Optiplex,מחשב DEL-PC-7050C15 +דיסק OTH-05-256SSD-M2 . ,5950,מחקרים רפואיים,5072180,9X6HQK2,,,,,,1,מדעי הבריאות סורוקה,SRK2,"בי""ח סרוקה מכון להתפתחות הילד",2,2,
149646,27/09/2017,1,פעיל,27/09/2017,60000728,"3,043.17",949.21,מחשב נייח - DELL Optiplex,DEL-PC-7050C15 מחשב +OTH-05-256SSD-M2 ,5950,מחקרים רפואיים,4307360,9WXGQK2,,,,,,1,מדעי הבריאות סורוקה,SRK2,"בי""ח סרוקה מכון להתפתחות הילד",2,2,
149663,01/10/2017,1,פעיל,01/10/2017,60000728,"2,099.93",655,מחשב נייח - DELL Optiplex,נא להזמין OptiPlex 7040 MT With 1TB DISK 7200 RPM,5317,עבודה סוציאלית,4306614,1LTKWL2,,,,,,5,קמפוס מרקוס,17,"בניין המחלקה לעב' סוציאלית ע""ש שפיצר-סלנט",2,213,
149666,01/10/2017,1,פעיל,01/10/2017,60000728,"2,099.93",655,מחשב נייח - DELL Optiplex,נא להזמין OptiPlex 7040 MT With 1TB DISK 7200 RPM,5317,עבודה סוציאלית,4306613,1LTNWL2,,,,,,5,קמפוס מרקוס,17,"בניין המחלקה לעב' סוציאלית ע""ש שפיצר-סלנט",2,213,
149784,15/10/2017,1,פעיל,15/10/2017,60000728,"3,327.92","1,038.03",מחשב נייח - DELL Optiplex,DELL OPTIPLEX 7050,6380,מכון לאומי לביוטכנולוגיה,5072685,2L8ZGL2,,,,,,5,קמפוס מרקוס,39,"בנין המכון למחקר ישומי במדעי החיים ע""ש דה 39-פיצ'וטו",-1,-126,
149785,15/10/2017,1,פעיל,15/10/2017,60000728,"3,327.92","1,038.03",מחשב נייח - DELL Optiplex,DELL OPTIPLEX 7050,6380,מכון לאומי לביוטכנולוגיה,5072685,2L2WGL2,,,,,,5,קמפוס מרקוס,39,"בנין המכון למחקר ישומי במדעי החיים ע""ש דה 39-פיצ'וטו",-1,-126,
149825,17/10/2017,1,פעיל,17/10/2017,60000728,"2,024.60",631.5,מחשב נייח - DELL Optiplex,DELL OPTIPLEX 7040MT,5801,מזכיר אקדמי,4305598,6JLKWL2,,,,,,5,קמפוס מרקוס,34,"בנין כיתות ע""ש קריימן-זלוטובסקי - 34",2,218,
149826,17/10/2017,1,פעיל,17/10/2017,60000728,"2,024.60",631.5,מחשב נייח - DELL Optiplex,DELL OPTIPLEX 7040MT,5801,מזכיר אקדמי,4305598,6JKLWL2,,,,,,5,קמפוס מרקוס,34,"בנין כיתות ע""ש קריימן-זלוטובסקי - 34",2,218,
149827,17/10/2017,1,פעיל,17/10/2017,60000728,"2,024.60",631.5,מחשב נייח - DELL Optiplex,DELL OPTIPLEX 7040MT,5801,מזכיר אקדמי,4305598,6JGMWL2,,,,,,5,קמפוס מרקוס,34,"בנין כיתות ע""ש קריימן-זלוטובסקי - 34",2,218,
149830,17/10/2017,1,פעיל,17/10/2017,60000728,"2,788.20",869.68,מחשב נייח - DELL Optiplex,"i7-7700 Core .Intel מחשב עפ""י מחירון מכרז ספק תים נטקום OptiPlex 5050",5553,מחקרים אלקטרואופטיקה,5072172,6D6LWL2,,,,,,5,קמפוס מרקוס,51,בניין מכון למדע וטכנולוגיה,2,204,
149841,17/10/2017,1,פעיל,17/10/2017,60000728,"2,024.60",631.5,מחשב נייח - DELL Optiplex,I56500 .7050MT 500/1X8G DVR VGA W10HOMEx64 .3.2G מחשב מכרז ,5512,ביו רפואה,4308232,6JNGWL2,,,,,,5,קמפוס מרקוס,63,"בנין המחלקה להנדסת גרעין ע""ש שרמן - 63",2,210,
149842,17/10/2017,1,פעיל,17/10/2017,60000728,"2,024.60",631.5,מחשב נייח - DELL Optiplex,I56500 .7050MT 500/1X8G DVR VGA W10HOMEx64 .3.2G מחשב מכרז ,5512,ביו רפואה,4308232,6JNJWL2,,,,,,5,קמפוס מרקוס,63,"בנין המחלקה להנדסת גרעין ע""ש שרמן - 63",2,210,
149843,17/10/2017,1,פעיל,17/10/2017,60000728,"2,024.60",631.5,מחשב נייח - DELL Optiplex,I56500 .7050MT 500/1X8G DVR VGA W10HOMEx64 .3.2G מחשב מכרז ,5512,ביו רפואה,4308232,6JKPWL2,,,,,,5,קמפוס מרקוס,63,"בנין המחלקה להנדסת גרעין ע""ש שרמן - 63",2,210,
149844,17/10/2017,1,פעיל,17/10/2017,60000728,"2,024.60",631.5,מחשב נייח - DELL Optiplex,I56500 .7050MT 500/1X8G DVR VGA W10HOMEx64 .3.2G מחשב מכרז ,5512,ביו רפואה,4308232,6JMGWL2,,,,,,5,קמפוס מרקוס,63,"בנין המחלקה להנדסת גרעין ע""ש שרמן - 63",2,210,
149845,17/10/2017,1,פעיל,17/10/2017,60000728,"2,024.60",631.5,מחשב נייח - DELL Optiplex,I56500 .7050MT 500/1X8G DVR VGA W10HOMEx64 .3.2G מחשב מכרז ,5512,ביו רפואה,4308232,6JLJWL2,,,,,,5,קמפוס מרקוס,63,"בנין המחלקה להנדסת גרעין ע""ש שרמן - 63",2,210,
149846,17/10/2017,1,פעיל,17/10/2017,60000728,"2,024.60",631.5,מחשב נייח - DELL Optiplex,I56500 .7050MT 500/1X8G DVR VGA W10HOMEx64 .3.2G מחשב מכרז ,5512,ביו רפואה,4308232,6JNHWL2,,,,,,5,קמפוס מרקוס,63,"בנין המחלקה להנדסת גרעין ע""ש שרמן - 63",2,210,
149854,18/10/2017,1,פעיל,18/10/2017,60000728,"2,024.48",631.47,מחשב נייח - DELL Optiplex,7040MT I5 optiplex. מחשב נייח למחלקה לסיעוד ,5930,רקנאטי,4307448,6JMKWL2,,,,,,5,קמפוס מרקוס,M8,M8 - בנין דייכמן למקצועות הבריאות,2,210,
149855,18/10/2017,1,פעיל,18/10/2017,60000728,"2,024.48",631.47,מחשב נייח - DELL Optiplex,7040MT I5 optiplex. מחשב נייח למחלקה לסיעוד ,5930,רקנאטי,4307448,6JKHWL2,,,,,,5,קמפוס מרקוס,M8,M8 - בנין דייכמן למקצועות הבריאות,2,210,
149856,18/10/2017,1,פעיל,18/10/2017,60000728,"2,090.31",652,מחשב נייח - DELL Optiplex,OptiPlex 7040 MT With 1TB DISK 7200 RPM,5950,מחקרים רפואיים,4307457,6JJKWL2,,,,,,5,קמפוס מרקוס,M7,"M7 - בנין משרדי רפואה ע""ש אליה",1,110,
149857,18/10/2017,1,פעיל,18/10/2017,60000728,"2,090.31",652,מחשב נייח - DELL Optiplex,OptiPlex 7040 MT With 1TB DISK 7200 RPM,5950,מחקרים רפואיים,4307457,6JLNWL2,,,,,,5,קמפוס מרקוס,M7,"M7 - בנין משרדי רפואה ע""ש אליה",1,110,
149862,18/10/2017,1,פעיל,18/10/2017,60000728,"2,024.48",631.47,מחשב נייח - DELL Optiplex,מחשב נייח למשרד  בפקולטה לרפואה לפי מכרז  C47 DEL-PC-7040 . OPTIPLEX  7040 MT,5950,מחקרים רפואיים,4307201,6JFPWL2,,,,,,5,קמפוס מרקוס,M7,"M7 - בנין משרדי רפואה ע""ש אליה",4,401,
149863,18/10/2017,1,פעיל,18/10/2017,60000728,"2,024.48",631.47,מחשב נייח - DELL Optiplex,מחשב נייח למשרד  בפקולטה לרפואה לפי מכרז  C47 DEL-PC-7040 . OPTIPLEX  7040 MT,5950,מחקרים רפואיים,4307201,6JMMWL2,,,,,,5,קמפוס מרקוס,M7,"M7 - בנין משרדי רפואה ע""ש אליה",4,401,
149864,18/10/2017,1,פעיל,18/10/2017,60000728,"2,736.11",853.43,מחשב נייח - DELL Optiplex,Processo i7-7700 Core .Intel מחשב OptiPlex 5050,6912,המכון לחקר המדבר)שדה בוקר),5072929,907W4J2,,,,,,7,קמפוס שדה בוקר,SB-25,,2,107,
149865,18/10/2017,1,פעיל,18/10/2017,60000728,"2,024.48",631.47,מחשב נייח - DELL Optiplex,OptiPlex 7040 MT  I5-6500,5950,מחקרים רפואיים,4307446,6JDLWL2,,,,,,5,קמפוס מרקוס,M7,"M7 - בנין משרדי רפואה ע""ש אליה",1,115,
149866,18/10/2017,1,פעיל,18/10/2017,60000728,"2,024.48",631.47,מחשב נייח - DELL Optiplex,OptiPlex 7040 MT  I5-6500,5950,מחקרים רפואיים,4307446,6JJPWL2,,,,,,5,קמפוס מרקוס,M7,"M7 - בנין משרדי רפואה ע""ש אליה",1,115,
149867,18/10/2017,1,פעיל,18/10/2017,60000728,"3,227.74","1,006.78",מחשב נייח - DELL Optiplex,DEL-PC-7050C30 .7050MT I7-7700 3.6G,5512,ביו רפואה,5072917,6D6PWL2,,,,,,5,קמפוס מרקוס,63,"בנין המחלקה להנדסת גרעין ע""ש שרמן - 63",1,124,
149871,18/10/2017,1,פעיל,18/10/2017,60000728,"2,024.60",631.5,מחשב נייח - DELL Optiplex,מחשב נייח - .Optiplex DELL 7040 I5,5759,אגף בינוי ואחזקה,4307313,6JMJWL2,,,,,,5,קמפוס מרקוס,93A,בניין 93A - בניין פיתוח ולוגיסטיקה,0,7,
149872,18/10/2017,1,פעיל,18/10/2017,60000728,"2,024.60",631.5,מחשב נייח - DELL Optiplex,מחשב נייח - .Optiplex DELL,5705,אגף תפעול,4307315,6JNFWL2,,,,,,5,קמפוס מרקוס,93A,בניין 93A - בניין פיתוח ולוגיסטיקה,0,7,
149873,18/10/2017,1,פעיל,18/10/2017,60000728,"2,024.60",631.5,מחשב נייח - DELL Optiplex,OPTIPLEX 7040MT,5801,מזכיר אקדמי,4308102,6JNKWL2,,,,,,5,קמפוס מרקוס,71,"המרכז האוניברסיטאי ע""ש איירטון)בנין הסנאט) - 71",2,210,
149874,18/10/2017,1,פעיל,18/10/2017,60000728,"2,086.20",650.72,מחשב נייח - DELL Optiplex,מחשב נייח שולחני לפי מחיר מכרז dell optiplex 7050 1tb מעבד . I-5 אחריות 3 שנים עם מערכת הפעלה ווינדוז 10,6803,מכון בן גוריון ,4307993,6JLPWL2,,,,,,7,קמפוס שדה בוקר,SB-14,,2,1,
149902,22/10/2017,1,פעיל,22/10/2017,60000728,"4,015.21","1,252.40",מחשב נייח - DELL Optiplex,7450 AIO OPTIPLEX. מחשב Dell OptiPlex 7450 AIO,6730,"פקולטה לניהול ע""ש גלייזר",4306040,FZ5YGL2D,,,,,,5,קמפוס מרקוס,15,בנין בית הספר לניהול - 15,2,202,
149903,22/10/2017,1,פעיל,22/10/2017,60000728,"4,015.21","1,252.40",מחשב נייח - DELL Optiplex,7450 AIO OPTIPLEX. מחשב Dell OptiPlex 7450 AIO,6730,"פקולטה לניהול ע""ש גלייזר",4306040,FZ70HL2D,,,,,,5,קמפוס מרקוס,15,בנין בית הספר לניהול - 15,2,202,
149904,22/10/2017,1,פעיל,22/10/2017,60000728,"4,015.21","1,252.40",מחשב נייח - DELL Optiplex,7450 AIO OPTIPLEX. מחשב Dell OptiPlex 7450 AIO,6730,"פקולטה לניהול ע""ש גלייזר",4306040,FZ6YGL2D,,,,,,5,קמפוס מרקוס,15,בנין בית הספר לניהול - 15,2,202,
149905,22/10/2017,1,פעיל,22/10/2017,60000728,"4,015.21","1,252.40",מחשב נייח - DELL Optiplex,7450 AIO OPTIPLEX. מחשב Dell OptiPlex 7450 AIO,6730,"פקולטה לניהול ע""ש גלייזר",4306040,FZ60HL2D,,,,,,5,קמפוס מרקוס,15,בנין בית הספר לניהול - 15,2,202,
149909,23/10/2017,1,פעיל,23/10/2017,60000728,"2,180.04",679.99,מחשב נייח - DELL Optiplex,Dell7050SFF/i5-6500/1x8GB/NVMe256GB960evo+500GB7200/DVD/Win10,5108,המחלקה למדעי המחשב,4307656,4DZK1M2,,,,,,5,קמפוס מרקוס,37,בניין 37 אלון לטכנולוגיה עילית,0,7,
149911,23/10/2017,1,פעיל,23/10/2017,60000728,"4,020.93","1,254.19",מחשב נייח - DELL Optiplex,7450 AIO OPTIPLEX. מחשב Dell OptiPlex 7450 AIO,6730,"פקולטה לניהול ע""ש גלייזר",4306040,FZ50HL2D,,,,,,5,קמפוס מרקוס,15,בנין בית הספר לניהול - 15,2,202,
149912,23/10/2017,1,פעיל,23/10/2017,60000728,"4,020.93","1,254.19",מחשב נייח - DELL Optiplex,7450 AIO OPTIPLEX. מחשב Dell OptiPlex 7450 AIO,6730,"פקולטה לניהול ע""ש גלייזר",4306040,FZ7SGL2D,,,,,,5,קמפוס מרקוס,15,בנין בית הספר לניהול - 15,2,202,
149913,23/10/2017,1,פעיל,23/10/2017,60000728,"4,020.93","1,254.19",מחשב נייח - DELL Optiplex,7450 AIO OPTIPLEX. מחשב Dell OptiPlex 7450 AIO,6730,"פקולטה לניהול ע""ש גלייזר",4306040,FZ6TGL2D,,,,,,5,קמפוס מרקוס,15,בנין בית הספר לניהול - 15,2,202,
149914,23/10/2017,1,פעיל,23/10/2017,60000728,"4,020.93","1,254.19",מחשב נייח - DELL Optiplex,7450 AIO OPTIPLEX. מחשב Dell OptiPlex 7450 AIO,6730,"פקולטה לניהול ע""ש גלייזר",4306040,FZ7TGL2D,,,,,,5,קמפוס מרקוס,15,בנין בית הספר לניהול - 15,2,202,
149966,25/10/2017,1,פעיל,25/10/2017,60000728,"2,897.55",903.79,מחשב נייח - DELL Optiplex,3.6G 1T/2X4G DVR VGA W10HOMEx64 .MT I7-7700,8298,0,5072560,8Z8R4J2,,,,,,13,פארק הייטק,P1,בניין גב ים - P1,3,314,
149967,25/10/2017,1,פעיל,25/10/2017,60000728,"2,014.80",628.45,מחשב נייח - DELL Optiplex,7050MT I56500 3.2G 500/1X8G DVR VGA W10HOMEx64,5513,ביוטכנולוגיה,4308527,6JMLWL2,,,,,,13,פארק הייטק,41,"בניין המכון הלאומי לביוטכנולוגיה בנגב, ע""ש אדגר דה-פיצ'וטו - 41",1,125,
150046,31/10/2017,1,פעיל,31/10/2017,60000728,"2,084.95",650.33,מחשב נייח - DELL Optiplex,"Lineout 1 3Yr Warranty Next Business Day DELPC7040C48 . 1 ,UAJ 2 PS/2 1 1.4 1 HDMI 1.2 Serial 2 Display Port . 1 RJ45 1 2.0 front with PowerShare 10 Internal USB . (2 front/2 rear 1 2.0 (2 front/4 rear) and 4 x 3.0 . Intel vPRO Technology :I/O ports (External USB: 6 x . Single Language English Microsoft Office 30 Day Trial . KeyboardKB216 Hebrew (QWERTY Windows 10 HOME (64Bit) . port Dell Optical MouseMS116 Black (Dell Multimedia . Mini Tower Processor Heatsink 65 Watt VGA video 3.5 . up to 32GB inch 1TB 7200rpm Hard Disk Drive ,slots . 2133MHz DDR4 Memory Up to 4 DIMM ,8GB DVD+/RW Bezel . Integrated Intel HD Graphics 530 6.0 65W ENERGY STAR . 3.2GHz, 4T, 6MB, Core, Core i56500 Processor (Quad . efficient Power Supply (80Plus Bronze TPM Enabled (Intel . %(OptiPlex 7040 MT with 240W up to 85 באדום מחיר מכרז . כולל תוספות צויין 3.2G 1TB/1X8G DVR VGA WIN10HOME . מחשב MT I56500",5106,כימיה,5073014,6JCNWL2,,,,,,5,קמפוס מרקוס,62,"בנין מערך המחשוב מעבדות כימיה ופיסיקה ע""ש 62-קרופ",1,107,
150047,31/10/2017,1,פעיל,31/10/2017,60000728,"2,084.95",650.33,מחשב נייח - DELL Optiplex,"Lineout 1 3Yr Warranty Next Business Day DELPC7040C48 . 1 ,UAJ 2 PS/2 1 1.4 1 HDMI 1.2 Serial 2 Display Port . 1 RJ45 1 2.0 front with PowerShare 10 Internal USB . (2 front/2 rear 1 2.0 (2 front/4 rear) and 4 x 3.0 . Intel vPRO Technology :I/O ports (External USB: 6 x . Single Language English Microsoft Office 30 Day Trial . KeyboardKB216 Hebrew (QWERTY Windows 10 HOME (64Bit) . port Dell Optical MouseMS116 Black (Dell Multimedia . Mini Tower Processor Heatsink 65 Watt VGA video 3.5 . up to 32GB inch 1TB 7200rpm Hard Disk Drive ,slots . 2133MHz DDR4 Memory Up to 4 DIMM ,8GB DVD+/RW Bezel . Integrated Intel HD Graphics 530 6.0 65W ENERGY STAR . 3.2GHz, 4T, 6MB, Core, Core i56500 Processor (Quad . efficient Power Supply (80Plus Bronze TPM Enabled (Intel . %(OptiPlex 7040 MT with 240W up to 85 באדום מחיר מכרז . כולל תוספות צויין 3.2G 1TB/1X8G DVR VGA WIN10HOME . מחשב MT I56500",5106,כימיה,5073014,6JLHWL2,,,,,,5,קמפוס מרקוס,62,"בנין מערך המחשוב מעבדות כימיה ופיסיקה ע""ש 62-קרופ",1,107,
150050,31/10/2017,1,פעיל,31/10/2017,60000728,"2,084.95",650.33,מחשב נייח - DELL Optiplex,OptlPlex 7040 MT with 1 TB disk 7200 RPM,5901,דיקן הפקולטה למדעי הבריאות,4308757,6JKKWL2,,,,,,1,מדעי הבריאות סורוקה,SRK,"בי""ח סורוקה -  כללי",1,1,
150051,01/11/2017,1,פעיל,01/11/2017,60000728,"2,941.05",917.36,מחשב נייח - DELL Optiplex,מחשב OptiPlex7050   DEL-PC-7050005,5104,מדעי החיים,4308639,2L0WGL2,,,,,,5,קמפוס מרקוס,40,"בנין המחלקה למדעי החיים ע""ש טומן - 40",3,310,
150152,05/11/2017,1,פעיל,05/11/2017,60000728,"2,838.38",885.34,מחשב נייח - DELL Optiplex,,5513,ביוטכנולוגיה,4308815,8ZTQ4J2,,,,,,5,קמפוס מרקוס,42,"בניין להנדסת ביוטכנולוגיה, ע""ש משפחת גוזיק - 42",2,"219, 221, 222",
150153,05/11/2017,1,פעיל,05/11/2017,60000728,"2,838.38",885.34,מחשב נייח - DELL Optiplex,,5513,ביוטכנולוגיה,4308815,906Q4J2,,,,,,5,קמפוס מרקוס,42,"בניין להנדסת ביוטכנולוגיה, ע""ש משפחת גוזיק - 42",2,"219, 221, 222",
150216,12/11/2017,1,פעיל,12/11/2017,60000728,"2,028.00",632.56,מחשב נייח - DELL Optiplex,מחשב נייח,5305,חינוך,4309605,6JKMWL2,,,,לא,לא,5,קמפוס מרקוס,72,"בנין הפקולטה למדה""ר ע""ש צוקר-גולדשטיין-גורן - 72",1,148,
150217,12/11/2017,1,פעיל,12/11/2017,60000728,"2,028.00",632.56,מחשב נייח - DELL Optiplex,מחשב נייח,5305,חינוך,4309605,6JKGWL2,,,,לא,לא,5,קמפוס מרקוס,72,"בנין הפקולטה למדה""ר ע""ש צוקר-גולדשטיין-גורן - 72",1,148,
150218,12/11/2017,1,פעיל,12/11/2017,60000728,"2,028.00",632.56,מחשב נייח - DELL Optiplex,מחשב נייח,5305,חינוך,4309605,6JGHWL2,,,,לא,לא,5,קמפוס מרקוס,72,"בנין הפקולטה למדה""ר ע""ש צוקר-גולדשטיין-גורן - 72",1,148,
150219,12/11/2017,1,פעיל,12/11/2017,60000728,"2,028.00",632.56,מחשב נייח - DELL Optiplex,מחשב נייח,5305,חינוך,4309605,6JMNWL2,,,,לא,לא,5,קמפוס מרקוס,72,"בנין הפקולטה למדה""ר ע""ש צוקר-גולדשטיין-גורן - 72",1,148,
150220,12/11/2017,1,פעיל,12/11/2017,60000728,"2,028.00",632.56,מחשב נייח - DELL Optiplex,מחשב נייח,5305,חינוך,4309605,6JMFWL2,,,,לא,לא,5,קמפוס מרקוס,72,"בנין הפקולטה למדה""ר ע""ש צוקר-גולדשטיין-גורן - 72",1,148,
150226,12/11/2017,1,פעיל,12/11/2017,60000728,"2,027.98",632.56,מחשב נייח - DELL Optiplex,"1 Lineout 1 3Yr Basic Warranty Next Business Day ,UAJ . 2 PS/2 1 1.4 1 HDMI 1.2 RJ45 1 Serial 2 Display Port . 1 2.0 rear 1 front with PowerShare 10 Internal USB . (2 front/2 2.0 (2 front/4 rear) and 4 x 3.0 USB: 6 x . Day Tria Intel vPRO Technologyl :I/O ports (External . (64Bit) Single Language English Microsoft Office 30 . Multimedia KeyboardKB216 Hebrew (QWERTY Windows 10 HOME . VGA video port Dell Optical MouseMS116 Black (Dell . Mini Tower Processor Heatsink 65 Watt 3.5 Disk Drive . up to 32GB inch 500GB 7200rpm Hard ,slots to 4 DIMM . 2133MHz DDR4 Memory Up ,8GB Graphics 530 DVD+/RW Bezel . Integrated Intel HD 6.0 65W ENERGY STAR 3.2GHz, 4T, . 6MB, Core, Enabled (Intel Core i56500 Processor (Quad . up to 85% efficient Power Supply (80Plus Bronze TPM . OptiPlex 7040 MT (with 240W 3.2G DVR VGA WIN10HOME . 500/1X8G מחשב MT I56500",5941,ביוכימיה ופרמקולוגיה קלינית,4309608,6JKFWL2,,,,,,5,קמפוס מרקוס,M6,"M6 - בנין מעבדות מחקר רפואה ע""ש דייכמן - פלאם",5,544,
150352,20/11/2017,1,פעיל,20/11/2017,60000728,"2,367.89",738.58,מחשב נייח - DELL Optiplex,"comp DELL ,שידרוג המארז SFF",5104,מדעי החיים,5073264,JFJY4M2,,,,,,5,קמפוס מרקוס,40,"בנין המחלקה למדעי החיים ע""ש טומן - 40",3,302,
150381,22/11/2017,1,פעיל,22/11/2017,60000728,"2,198.48",685.74,מחשב נייח - DELL Optiplex,מחשב MT I5-7500 3.4G DVR VGA W10PROx64 .1T/2X4G 5 שנים אחריות,6912,המכון לחקר המדבר)שדה בוקר),5072863,JFMY4M2,,,,,,7,קמפוס שדה בוקר,SB-3,,1,2,
150382,22/11/2017,1,פעיל,22/11/2017,60000728,"2,198.48",685.74,מחשב נייח - DELL Optiplex,מחשב MT I5-7500 3.4G DVR VGA W10PROx64 .1T/2X4G 5 שנים אחריות,6912,המכון לחקר המדבר)שדה בוקר),5072863,JFML1M2,,,,,,7,קמפוס שדה בוקר,SB-3,,1,2,
150383,22/11/2017,1,פעיל,22/11/2017,60000728,"2,198.48",685.74,מחשב נייח - DELL Optiplex,מחשב MT I5-7500 3.4G DVR VGA W10PROx64 .1T/2X4G 5 שנים אחריות,6912,המכון לחקר המדבר)שדה בוקר),5072863,JFMF1M2,,,,,,7,קמפוס שדה בוקר,SB-3,,1,2,
150384,22/11/2017,1,פעיל,22/11/2017,60000728,"2,198.48",685.74,מחשב נייח - DELL Optiplex,מחשב MT I5-7500 3.4G DVR VGA W10PROx64 .1T/2X4G 5 שנים אחריות,6912,המכון לחקר המדבר)שדה בוקר),5072863,JFM05M2,,,,,,7,קמפוס שדה בוקר,SB-3,,1,2,
150385,22/11/2017,1,פעיל,22/11/2017,60000728,"2,358.87",735.77,מחשב נייח - DELL Optiplex,מחשב דל תצורה א,5104,מדעי החיים,5073186,JFKF1M2,,,,,,5,קמפוס מרקוס,40,"בנין המחלקה למדעי החיים ע""ש טומן - 40",1,106,
150417,27/11/2017,1,פעיל,27/11/2017,60000728,"3,043.70",949.38,מחשב נייח - DELL Optiplex,מחשב נייח כולל שדרוג זיכרון 16-ל גיגה  ותוספת של הרד . דיסק 1 טרה (בנוסף ל- 256 SSD שיש בו),5941,ביוכימיה ופרמקולוגיה קלינית,5073066,2KWTGL2,,,,,,13,פארק הייטק,41,"בניין המכון הלאומי לביוטכנולוגיה בנגב, ע""ש אדגר דה-פיצ'וטו - 41",2,218,
150477,29/11/2017,1,פעיל,29/11/2017,60000728,"4,019.79","1,253.83",מחשב נייח - DELL Optiplex,7450 AIO OPTIPLEX. מחשב Dell OptiPlex 7450 AIO,6730,"פקולטה לניהול ע""ש גלייזר",4306040,83HSCM2,,,,,,5,קמפוס מרקוס,15,בנין בית הספר לניהול - 15,2,202,
150496,03/12/2017,1,פעיל,03/12/2017,60000728,"3,241.83","1,011.17",מחשב נייח - DELL Optiplex,3.6G 1T/2X4G DVR VGA W10PROx64 מחשב DELPC7050C16  SFF I77700,5562,מחקרים ביו-רפואית,5074365,9ZSGQK2,,,,,,5,קמפוס מרקוס,64,מתקן חלוץ - 64,1,104,
150497,03/12/2017,1,פעיל,03/12/2017,60000728,"3,241.83","1,011.17",מחשב נייח - DELL Optiplex,3.6G 1T/2X4G DVR VGA W10PROx64 מחשב DELPC7050C16  SFF I77700,5562,מחקרים ביו-רפואית,5074365,9ZRFQK2,,,,,,5,קמפוס מרקוס,64,מתקן חלוץ - 64,1,104,
150498,03/12/2017,1,פעיל,03/12/2017,60000728,"3,241.83","1,011.17",מחשב נייח - DELL Optiplex,3.6G 1T/2X4G DVR VGA W10PROx64 מחשב DELPC7050C16  SFF I77700,5562,מחקרים ביו-רפואית,5074365,9ZM9QK2,,,,,,5,קמפוס מרקוס,64,מתקן חלוץ - 64,1,104,
150499,03/12/2017,1,פעיל,03/12/2017,60000728,"3,241.83","1,011.17",מחשב נייח - DELL Optiplex,3.6G 1T/2X4G DVR VGA W10PROx64 מחשב DELPC7050C16  SFF I77700,5562,מחקרים ביו-רפואית,5074365,9ZW9QK2,,,,,,5,קמפוס מרקוס,64,מתקן חלוץ - 64,1,104,
150500,03/12/2017,1,פעיל,03/12/2017,60000728,"3,241.83","1,011.17",מחשב נייח - DELL Optiplex,3.6G 1T/2X4G DVR VGA W10PROx64 מחשב DELPC7050C16  SFF I77700,5562,מחקרים ביו-רפואית,5074365,9ZRHQK2,,,,,,5,קמפוס מרקוס,64,מתקן חלוץ - 64,1,104,
150502,03/12/2017,1,פעיל,03/12/2017,60000728,"2,237.79",698,מחשב נייח - DELL Optiplex,"Day    ""  .Technology Enabled 5Yr Basic Warranty - Next Business  .10 Home (64bit) Single Language English Intel vPro  .Multimedia Keyboard - Hebrew (QWERTY) - Black Windows  .VGA video port Dell Optical Mouse MS116 Black Dell  .Entry 3.5in Cabled Hard Drive Intel Integrated Graphics  .(2x4GB) 2400MHz DDR4 Memory 1TB 7.2k RPM SATA 6Gbps  .Driver, Service Install Module DVD+/-RW Bezel 8GB  .supports Windows 7/8.1/10/Linux E-Star 6.1 & TCO 5.0  .(80Plus Bronze) TPM Enabled Intel Core i5-6500 (QC/6MB/4T/3.2GHz/65W);  .7050 MT with 240W up to 85% efficient Power Supply  . OptiPlex7050                       DEL-PC-7050C08""OptiPlex ",5104,מדעי החיים,9604572,C6NPCM2,,,,,,5,קמפוס מרקוס,40,"בנין המחלקה למדעי החיים ע""ש טומן - 40",0,10,
150588,10/12/2017,1,פעיל,10/12/2017,60000728,"2,013.97",628.19,מחשב נייח - DELL Optiplex,מחשב #DEL-PC-7040C47,5910,מיקרוביולוגיה - מדעי הבריאות,5074843,6JKJWL2,,,,,,5,קמפוס מרקוס,M6,"M6 - בנין מעבדות מחקר רפואה ע""ש דייכמן - פלאם",1,130,
150590,10/12/2017,1,פעיל,10/12/2017,60000728,"2,250.92",702.1,מחשב נייח - DELL Optiplex,OptiPlex 7040 MT 3.2G 500/1X8G DVR VGA WIN10HOME מחשב . DELPC7040C47 MT I56500,5105,פיסיקה,4310885,6JHJWL2,,,,,,1,מדעי הבריאות סורוקה,54,"בנין סאקט""א-רש""יל פיזיקה - 54",-1,-109,
150591,10/12/2017,1,פעיל,10/12/2017,60000728,"2,894.84",902.95,מחשב נייח - DELL Optiplex,"I77700 MT. 3.6G 1T/2X4G DVR VGA W10HOMEx64 מחש. מחשב, מק"" ט : DEL­-PC­-7050C21",5910,מיקרוביולוגיה - מדעי הבריאות,5073715,C66QCM2,,,,,,5,קמפוס מרקוס,M6,"M6 - בנין מעבדות מחקר רפואה ע""ש דייכמן - פלאם",1,143,
150622,13/12/2017,1,פעיל,13/12/2017,60000728,"2,158.48",673.26,מחשב נייח - DELL Optiplex,מחשב  OptiPlex7050 DELL-PC-7050C18,6580,מכון לננוטכנולוגיה,4310083,6JMPWL2,,,,,,5,קמפוס מרקוס,51,בניין מכון למדע וטכנולוגיה,1,120,
150623,13/12/2017,1,פעיל,13/12/2017,60000728,"2,158.48",673.26,מחשב נייח - DELL Optiplex,מחשב  OptiPlex7050 DELL-PC-7050C18,6580,מכון לננוטכנולוגיה,4310083,6JMHWL2,,,,,,5,קמפוס מרקוס,51,בניין מכון למדע וטכנולוגיה,1,120,
150639,18/12/2017,1,פעיל,18/12/2017,60000728,"2,041.33",636.72,מחשב נייח - DELL Optiplex,מחשב שולחני optiplex 7050,5705,אגף תפעול,4311217,6JLGWL2,,,,,,5,קמפוס מרקוס,93A,בניין 93A - בניין פיתוח ולוגיסטיקה,0,6,
150640,18/12/2017,1,פעיל,18/12/2017,60000728,"2,041.33",636.72,מחשב נייח - DELL Optiplex,מחשב שולחני optiplex 7050,5705,אגף תפעול,4311217,6JJGWL2,,,,,,5,קמפוס מרקוס,93A,בניין 93A - בניין פיתוח ולוגיסטיקה,0,6,
150687,19/12/2017,1,פעיל,19/12/2017,60000728,"2,025.95",631.92,מחשב נייח - DELL Optiplex, מחשב נייח 7040 MT .OptiPlex I56500 MT. 3.2G 500/1X8G DVR VGA WIN10HOME מחשב. על פי הצעת מחיר Q17355110,5721,"או""ש",4307498,6JF6WL2,,,,,,5,קמפוס מרקוס,95,בנין מעבדות למחקרים מתקדמים)מט''מ) - 95,1,118,
150765,27/12/2017,1,פעיל,27/12/2017,60000728,"2,009.97",626.94,מחשב נייח - DELL Optiplex,מחשב נייח - DELL 7050 MT .Optiplex ,5708,בטחון,4311797,7WTQSM2,,,,,,5,קמפוס מרקוס,34,"בנין כיתות ע""ש קריימן-זלוטובסקי - 34",3,318,
150839,03/01/2018,1,פעיל,03/01/2018,60000728,"2,125.55",662.99,מחשב נייח - DELL Optiplex,OptiPlex7050/ DEL-PC-7050C08,6912,המכון לחקר המדבר)שדה בוקר),5075430,CJRY4M2,,,,,,7,קמפוס שדה בוקר,SB-25,,0,49,
151039,17/01/2018,3,מושאל,11/03/2018,60000728,"2,093.24",652.91,מחשב נייח - DELL Optiplex, .PC-7050C08 מחשב נייח  DEL PC-7050C08 Supply (80plus Bronze)  . OptiPlex 7050 MT with 240W  up to 85% efficient Power ,5307,סוציולוגיה-אנתרופולוגיה,4310851,C0QVWM2,,,,,,5,קמפוס מרקוס,72,"בנין הפקולטה למדה""ר ע""ש צוקר-גולדשטיין-גורן - 72",3,343,
152195,02/05/2018,1,פעיל,07/08/2018,60000728,"2,571.39",802.06,מחשב נייח - DELL Optiplex,"HARD DRIVE BRACKET FORMAT 2.5+ 15-7500 OptiPlex 7050 SSF .Dell רכישת 22 מחשבי DELL לפקולטה לניהול. מחשוב אקדמי תשע""ח . לפי המצ""ב הצעת מחיר",6734,ניהול,4316193,J5S7DP2,,,,לא,לא,5,קמפוס מרקוס,15,בנין בית הספר לניהול - 15,קרקע,8,
152196,02/05/2018,1,פעיל,07/08/2018,60000728,"2,571.39",802.06,מחשב נייח - DELL Optiplex,"HARD DRIVE BRACKET FORMAT 2.5+ 15-7500 OptiPlex 7050 SSF .Dell רכישת 22 מחשבי DELL לפקולטה לניהול. מחשוב אקדמי תשע""ח . לפי המצ""ב הצעת מחיר",6734,ניהול,4316193,J5RDDP2,,,,לא,לא,5,קמפוס מרקוס,15,בנין בית הספר לניהול - 15,קרקע,8,
152365,28/05/2018,1,פעיל,28/05/2018,60000728,"3,006.93",937.91,מחשב נייח - DELL Optiplex,5050 MT .OptiPlex מחשב DELPC5050002,5104,מדעי החיים,5080216,8Z3S4J2,,,,,,5,קמפוס מרקוס,39,"בנין המכון למחקר ישומי במדעי החיים ע""ש דה 39-פיצ'וטו",2,227,
152485,12/06/2018,1,פעיל,12/06/2018,60000728,"3,567.89","1,112.88",מחשב נייח - DELL Optiplex,DELL optiplex 5050 MT,5562,מחקרים ביו-רפואית,5080657,8ZBS4J2,,,,,,5,קמפוס מרקוס,51,בניין מכון למדע וטכנולוגיה,2,224,
152616,25/06/2018,1,פעיל,25/06/2018,60000728,"2,601.40",811.42,מחשב נייח - DELL Optiplex,"HARD DRIVE BRACKET FORMAT 2.5+ 15-7500 OptiPlex 7050 SSF .Dell רכישת 22 מחשבי DELL לפקולטה לניהול. מחשוב אקדמי תשע""ח . לפי המצ""ב הצעת מחיר",6734,ניהול,4316193,J5SGDP2,,,,,,5,קמפוס מרקוס,15,בנין בית הספר לניהול - 15,קרקע,8,
152617,25/06/2018,1,פעיל,25/06/2018,60000728,"2,601.40",811.42,מחשב נייח - DELL Optiplex,"HARD DRIVE BRACKET FORMAT 2.5+ 15-7500 OptiPlex 7050 SSF .Dell רכישת 22 מחשבי DELL לפקולטה לניהול. מחשוב אקדמי תשע""ח . לפי המצ""ב הצעת מחיר",6734,ניהול,4316193,J5SFDP2,,,,,,5,קמפוס מרקוס,15,בנין בית הספר לניהול - 15,קרקע,8,
152618,25/06/2018,1,פעיל,25/06/2018,60000728,"2,601.40",811.42,מחשב נייח - DELL Optiplex,"HARD DRIVE BRACKET FORMAT 2.5+ 15-7500 OptiPlex 7050 SSF .Dell רכישת 22 מחשבי DELL לפקולטה לניהול. מחשוב אקדמי תשע""ח . לפי המצ""ב הצעת מחיר",6734,ניהול,4316193,J5S6DP2,,,,,,5,קמפוס מרקוס,15,בנין בית הספר לניהול - 15,קרקע,8,
152619,25/06/2018,1,פעיל,25/06/2018,60000728,"2,601.40",811.42,מחשב נייח - DELL Optiplex,"HARD DRIVE BRACKET FORMAT 2.5+ 15-7500 OptiPlex 7050 SSF .Dell רכישת 22 מחשבי DELL לפקולטה לניהול. מחשוב אקדמי תשע""ח . לפי המצ""ב הצעת מחיר",6734,ניהול,4316193,J5RFDP2,,,,,,5,קמפוס מרקוס,15,בנין בית הספר לניהול - 15,קרקע,8,
152620,25/06/2018,1,פעיל,25/06/2018,60000728,"2,601.40",811.42,מחשב נייח - DELL Optiplex,"HARD DRIVE BRACKET FORMAT 2.5+ 15-7500 OptiPlex 7050 SSF .Dell רכישת 22 מחשבי DELL לפקולטה לניהול. מחשוב אקדמי תשע""ח . לפי המצ""ב הצעת מחיר",6734,ניהול,4316193,J5QFDP2,,,,,,5,קמפוס מרקוס,15,בנין בית הספר לניהול - 15,קרקע,8,
152621,25/06/2018,1,פעיל,25/06/2018,60000728,"2,601.40",811.42,מחשב נייח - DELL Optiplex,"HARD DRIVE BRACKET FORMAT 2.5+ 15-7500 OptiPlex 7050 SSF .Dell רכישת 22 מחשבי DELL לפקולטה לניהול. מחשוב אקדמי תשע""ח . לפי המצ""ב הצעת מחיר",6734,ניהול,4316193,J5S9DP2,,,,,,5,קמפוס מרקוס,15,בנין בית הספר לניהול - 15,קרקע,8,
152622,25/06/2018,1,פעיל,25/06/2018,60000728,"2,601.40",811.42,מחשב נייח - DELL Optiplex,"HARD DRIVE BRACKET FORMAT 2.5+ 15-7500 OptiPlex 7050 SSF .Dell רכישת 22 מחשבי DELL לפקולטה לניהול. מחשוב אקדמי תשע""ח . לפי המצ""ב הצעת מחיר",6734,ניהול,4316193,J5R9DP2,,,,,,5,קמפוס מרקוס,15,בנין בית הספר לניהול - 15,קרקע,8,
152623,25/06/2018,1,פעיל,25/06/2018,60000728,"2,601.40",811.42,מחשב נייח - DELL Optiplex,"HARD DRIVE BRACKET FORMAT 2.5+ 15-7500 OptiPlex 7050 SSF .Dell רכישת 22 מחשבי DELL לפקולטה לניהול. מחשוב אקדמי תשע""ח . לפי המצ""ב הצעת מחיר",6734,ניהול,4316193,J5SBDP2,,,,,,5,קמפוס מרקוס,15,בנין בית הספר לניהול - 15,קרקע,8,
152624,25/06/2018,1,פעיל,25/06/2018,60000728,"2,601.40",811.42,מחשב נייח - DELL Optiplex,"HARD DRIVE BRACKET FORMAT 2.5+ 15-7500 OptiPlex 7050 SSF .Dell רכישת 22 מחשבי DELL לפקולטה לניהול. מחשוב אקדמי תשע""ח . לפי המצ""ב הצעת מחיר",6734,ניהול,4316193,J5RGDP2,,,,,,5,קמפוס מרקוס,15,בנין בית הספר לניהול - 15,קרקע,8,
152625,25/06/2018,1,פעיל,25/06/2018,60000728,"2,601.40",811.42,מחשב נייח - DELL Optiplex,"HARD DRIVE BRACKET FORMAT 2.5+ 15-7500 OptiPlex 7050 SSF .Dell רכישת 22 מחשבי DELL לפקולטה לניהול. מחשוב אקדמי תשע""ח . לפי המצ""ב הצעת מחיר",6734,ניהול,4316193,J5T6DP2,,,,,,5,קמפוס מרקוס,15,בנין בית הספר לניהול - 15,קרקע,8,
152626,25/06/2018,1,פעיל,25/06/2018,60000728,"2,601.40",811.42,מחשב נייח - DELL Optiplex,"HARD DRIVE BRACKET FORMAT 2.5+ 15-7500 OptiPlex 7050 SSF .Dell רכישת 22 מחשבי DELL לפקולטה לניהול. מחשוב אקדמי תשע""ח . לפי המצ""ב הצעת מחיר",6734,ניהול,4316193,J5R8DP2,,,,,,5,קמפוס מרקוס,15,בנין בית הספר לניהול - 15,קרקע,8,
152627,25/06/2018,1,פעיל,25/06/2018,60000728,"2,601.40",811.42,מחשב נייח - DELL Optiplex,"HARD DRIVE BRACKET FORMAT 2.5+ 15-7500 OptiPlex 7050 SSF .Dell רכישת 22 מחשבי DELL לפקולטה לניהול. מחשוב אקדמי תשע""ח . לפי המצ""ב הצעת מחיר",6734,ניהול,4316193,J5RCDP2,,,,,,5,קמפוס מרקוס,15,בנין בית הספר לניהול - 15,קרקע,8,
152628,25/06/2018,1,פעיל,25/06/2018,60000728,"2,601.40",811.42,מחשב נייח - DELL Optiplex,"HARD DRIVE BRACKET FORMAT 2.5+ 15-7500 OptiPlex 7050 SSF .Dell רכישת 22 מחשבי DELL לפקולטה לניהול. מחשוב אקדמי תשע""ח . לפי המצ""ב הצעת מחיר",6734,ניהול,4316193,J5R6DP2,,,,,,5,קמפוס מרקוס,15,בנין בית הספר לניהול - 15,קרקע,8,
152629,25/06/2018,1,פעיל,25/06/2018,60000728,"2,601.40",811.42,מחשב נייח - DELL Optiplex,"HARD DRIVE BRACKET FORMAT 2.5+ 15-7500 OptiPlex 7050 SSF .Dell רכישת 22 מחשבי DELL לפקולטה לניהול. מחשוב אקדמי תשע""ח . לפי המצ""ב הצעת מחיר",6734,ניהול,4316193,J5SCDP2,,,,,,5,קמפוס מרקוס,15,בנין בית הספר לניהול - 15,קרקע,8,
152630,25/06/2018,1,פעיל,25/06/2018,60000728,"2,601.40",811.42,מחשב נייח - DELL Optiplex,"HARD DRIVE BRACKET FORMAT 2.5+ 15-7500 OptiPlex 7050 SSF .Dell רכישת 22 מחשבי DELL לפקולטה לניהול. מחשוב אקדמי תשע""ח . לפי המצ""ב הצעת מחיר",6734,ניהול,4316193,J5SDDP2,,,,,,5,קמפוס מרקוס,15,בנין בית הספר לניהול - 15,קרקע,8,
152631,25/06/2018,1,פעיל,25/06/2018,60000728,"2,601.40",811.42,מחשב נייח - DELL Optiplex,"HARD DRIVE BRACKET FORMAT 2.5+ 15-7500 OptiPlex 7050 SSF .Dell רכישת 22 מחשבי DELL לפקולטה לניהול. מחשוב אקדמי תשע""ח . לפי המצ""ב הצעת מחיר",6734,ניהול,4316193,J5R7DP2,,,,,,5,קמפוס מרקוס,15,בנין בית הספר לניהול - 15,קרקע,8,
152632,25/06/2018,1,פעיל,25/06/2018,60000728,"2,601.40",811.42,מחשב נייח - DELL Optiplex,"HARD DRIVE BRACKET FORMAT 2.5+ 15-7500 OptiPlex 7050 SSF .Dell רכישת 22 מחשבי DELL לפקולטה לניהול. מחשוב אקדמי תשע""ח . לפי המצ""ב הצעת מחיר",6734,ניהול,4316193,J5Q9DP2,,,,,,5,קמפוס מרקוס,15,בנין בית הספר לניהול - 15,קרקע,8,
152633,25/06/2018,1,פעיל,25/06/2018,60000728,"2,601.40",811.42,מחשב נייח - DELL Optiplex,"HARD DRIVE BRACKET FORMAT 2.5+ 15-7500 OptiPlex 7050 SSF .Dell רכישת 22 מחשבי DELL לפקולטה לניהול. מחשוב אקדמי תשע""ח . לפי המצ""ב הצעת מחיר",6734,ניהול,4316193,J5T7DP2,,,,,,5,קמפוס מרקוס,15,בנין בית הספר לניהול - 15,קרקע,8,
152634,25/06/2018,1,פעיל,25/06/2018,60000728,"2,601.40",811.42,מחשב נייח - DELL Optiplex,"HARD DRIVE BRACKET FORMAT 2.5+ 15-7500 OptiPlex 7050 SSF .Dell רכישת 22 מחשבי DELL לפקולטה לניהול. מחשוב אקדמי תשע""ח . לפי המצ""ב הצעת מחיר",6734,ניהול,4316193,J5RBDP2,,,,,,5,קמפוס מרקוס,15,בנין בית הספר לניהול - 15,קרקע,8,
152635,25/06/2018,1,פעיל,25/06/2018,60000728,"2,601.40",811.42,מחשב נייח - DELL Optiplex,"HARD DRIVE BRACKET FORMAT 2.5+ 15-7500 OptiPlex 7050 SSF .Dell רכישת 22 מחשבי DELL לפקולטה לניהול. מחשוב אקדמי תשע""ח . לפי המצ""ב הצעת מחיר",6734,ניהול,4316193,J5S8DP2,,,,,,5,קמפוס מרקוס,15,בנין בית הספר לניהול - 15,קרקע,8,
152811,24/07/2018,1,פעיל,24/07/2018,60000728,"2,209.10",689.05,מחשב נייח - DELL Optiplex,מחשב,5910,מיקרוביולוגיה - מדעי הבריאות,5081893,FNP1NN2,,,,,,5,קמפוס מרקוס,M6,"M6 - בנין מעבדות מחקר רפואה ע""ש דייכמן - פלאם",2,236,
152865,29/07/2018,1,פעיל,29/07/2018,60000728,"5,610.81","1,750.10",מחשב נייח - DELL Optiplex,OptiPlex 7460 AIO CTO,5155,מחקרים פיסיקה,4320699,2D4LYQ2,,,,,,1,מדעי הבריאות סורוקה,54,"בנין סאקט""א-רש""יל פיזיקה - 54",2,212,
152929,02/08/2018,1,פעיל,02/08/2018,60000728,"2,763.00",861.82,מחשב נייח - DELL Optiplex,optiplex7060/I5-8500/m.2SSD256/8G/DVR/VGA/W10PROx64,5108,המחלקה למדעי המחשב,4321698,3622BQ2,,,,,,5,קמפוס מרקוס,37,בניין 37 אלון לטכנולוגיה עילית,0,7,
153274,02/10/2018,1,פעיל,02/10/2018,60000728,"2,164.17",675.04,מחשב נייח - DELL Optiplex,מחשב,5910,מיקרוביולוגיה - מדעי הבריאות,5083436,64NTNR2,,,,,,5,קמפוס מרקוס,M6,"M6 - בנין מעבדות מחקר רפואה ע""ש דייכמן - פלאם",1,127,
153275,02/10/2018,1,פעיל,02/10/2018,60000728,"2,164.17",675.04,מחשב נייח - DELL Optiplex,מחשב,5910,מיקרוביולוגיה - מדעי הבריאות,5083436,64VRNR2,,,,,,5,קמפוס מרקוס,M6,"M6 - בנין מעבדות מחקר רפואה ע""ש דייכמן - פלאם",1,127,
153283,02/10/2018,1,פעיל,02/10/2018,60000728,"3,669.49","1,144.57",מחשב נייח - DELL Optiplex,"+מסך מחשב English 3Y Basic Onsite Service   Dell P2717H . Keyboard Hebrew (QWERTY) Black Windows 10 Pro 64bit . Tower Dell Wired Mouse MS116 Black Dell Multimedia . Dell OptiPlex Additional VGA Video Port for Graphics, . Optical Disk Drive Intel Integrated 9.5mm DVD+/RW . + 512GB/480GB SSD Drive 8x 3.5 SATA Hard Disk Drive . 8GB (1X8GB) 2666MHz DDR4 UDIMM NonECC 1TB 7200rpm . 4.6GHz/65W( (6 Cores/12MB/12T/up to i7-8700 Intel Core",5557,מחקרים הנדסת מכונות,5083846,4NR8BQ2,,,,,,5,קמפוס מרקוס,55,"בנין המחלקה להנדסת מכונות ע""ש סורף - 55",3,337,
153497,22/10/2018,1,פעיל,22/10/2018,60000728,"3,960.18","1,235.24",מחשב נייח - DELL Optiplex,"Black Windows 10 Pro 64bit English 3Yr Onsite Service . MS116 Black Dell Multimedia Keyboard Hebrew (QWERTY) . Additional VGA Video Port for Tower Dell Wired Mouse . Dell OptiPlex Graphics, Disk Drive Intel Integrated . Optical 9.5mm Class 20 Solid State Drive 8x DVD+/RW . 512GB SATA M.2 16GB (2X8GB) 2666MHz DDR4 UDIMM NonECC . supports Windows 10/Linux DVD+/RW Bezel 4.6GHz/65W( . Enabled Intel Core i78700 (6 Cores/12MB/12T/up to . up to 85% efficient Power Supply (80Plus Bronze TPM . Optiplex 7060 Mini Tower (OptiPlex 7060 Tower with 260W . 4.6G 512/2X8G DVR VGA W10PROx64 מחשב MT I78700",5556,מחקרים הנדסת חשמל,5084145,G03K0R2,,,,,,5,קמפוס מרקוס,33,"בנין המחלקה להנדסת חשמל ומחשבים ע""ש זלוטובסקי - 33",3,301,
153498,22/10/2018,1,פעיל,22/10/2018,60000728,"3,960.18","1,235.24",מחשב נייח - DELL Optiplex,"Black Windows 10 Pro 64bit English 3Yr Onsite Service . MS116 Black Dell Multimedia Keyboard Hebrew (QWERTY) . Additional VGA Video Port for Tower Dell Wired Mouse . Dell OptiPlex Graphics, Disk Drive Intel Integrated . Optical 9.5mm Class 20 Solid State Drive 8x DVD+/RW . 512GB SATA M.2 16GB (2X8GB) 2666MHz DDR4 UDIMM NonECC . supports Windows 10/Linux DVD+/RW Bezel 4.6GHz/65W( . Enabled Intel Core i78700 (6 Cores/12MB/12T/up to . up to 85% efficient Power Supply (80Plus Bronze TPM . Optiplex 7060 Mini Tower (OptiPlex 7060 Tower with 260W . 4.6G 512/2X8G DVR VGA W10PROx64 מחשב MT I78700",5556,מחקרים הנדסת חשמל,5084145,FZSH0R2,,,,,,5,קמפוס מרקוס,33,"בנין המחלקה להנדסת חשמל ומחשבים ע""ש זלוטובסקי - 33",3,301,
153626,05/11/2018,1,פעיל,05/11/2018,60000728,"4,234.01","1,320.65",מחשב נייח - DELL Optiplex,"I78700 MT. 4.6G 512/2X8G DVR VGA W10PROx64 מחשב. Black Windows 10 Pro 64bit English 3Yr Onsite Service . MS116 Black Dell Multimedia Keyboard Hebrew (QWERTY) . Additional VGA Video Port for Tower Dell Wired Mouse . Dell OptiPlex Graphics, Disk Drive Intel Integrated . Optical 9.5mm Class 20 Solid State Drive 8x DVD+/RW . 512GB SATA M.2 16GB (2X8GB) 2666MHz DDR4 UDIMM NonECC . supports Windows 10/Linux DVD+/RW Bezel 4.6GHz/65W( . Enabled Intel Core i78700 (6 Cores/12MB/12T/up to . up to 85% efficient Power Supply (80Plus Bronze TPM . Optiplex 7060 Mini Tower (OptiPlex 7060 Tower with 260W . 4.6G 512/2X8G DVR VGA W10PROx64 מחשב MT I78700",5562,מחקרים ביו-רפואית,5083147,FZJJ0R2,,,,,,5,קמפוס מרקוס,64,מתקן חלוץ - 64,1,103,
153627,05/11/2018,1,פעיל,05/11/2018,60000728,"4,234.01","1,320.65",מחשב נייח - DELL Optiplex,"I78700 MT. 4.6G 512/2X8G DVR VGA W10PROx64 מחשב. Black Windows 10 Pro 64bit English 3Yr Onsite Service . MS116 Black Dell Multimedia Keyboard Hebrew (QWERTY) . Additional VGA Video Port for Tower Dell Wired Mouse . Dell OptiPlex Graphics, Disk Drive Intel Integrated . Optical 9.5mm Class 20 Solid State Drive 8x DVD+/RW . 512GB SATA M.2 16GB (2X8GB) 2666MHz DDR4 UDIMM NonECC . supports Windows 10/Linux DVD+/RW Bezel 4.6GHz/65W( . Enabled Intel Core i78700 (6 Cores/12MB/12T/up to . up to 85% efficient Power Supply (80Plus Bronze TPM . Optiplex 7060 Mini Tower (OptiPlex 7060 Tower with 260W . 4.6G 512/2X8G DVR VGA W10PROx64 מחשב MT I78700",5562,מחקרים ביו-רפואית,5083147,FZGP0R2,,,,,,5,קמפוס מרקוס,64,מתקן חלוץ - 64,1,103,
153786,12/11/2018,1,פעיל,12/11/2018,60000728,"3,872.31","1,207.83",מחשב נייח - DELL Optiplex,4.6G 512/2X8G DVR VGA W10PROx64 מחשב DELPC7060004 MT I78700,8298,0,5083805,,,,,,,13,פארק הייטק,P1,בניין גב ים - P1,1,115,
153787,12/11/2018,1,פעיל,12/11/2018,60000728,"3,872.31","1,207.83",מחשב נייח - DELL Optiplex,4.6G 512/2X8G DVR VGA W10PROx64 מחשב DELPC7060004 MT I78700,8298,0,5083805,,,,,,,13,פארק הייטק,P1,בניין גב ים - P1,1,115,
153788,12/11/2018,1,פעיל,12/11/2018,60000728,"3,872.31","1,207.83",מחשב נייח - DELL Optiplex,4.6G 512/2X8G DVR VGA W10PROx64 מחשב DELPC7060004 MT I78700,8298,0,5083805,,,,,,,13,פארק הייטק,P1,בניין גב ים - P1,1,115,
153840,18/11/2018,1,פעיל,18/11/2018,60000728,"4,488.75","1,400.11",מחשב נייח - DELL Optiplex,מחשבי PC,5506,הנדסת חשמל,4324755,1437CS2,,,,,,5,קמפוס מרקוס,33,"בנין המחלקה להנדסת חשמל ומחשבים ע""ש זלוטובסקי - 33",0,27,
153841,18/11/2018,1,פעיל,18/11/2018,60000728,"4,488.75","1,400.11",מחשב נייח - DELL Optiplex,מחשבי PC,5506,הנדסת חשמל,4324755,1337CS2,,,,,,5,קמפוס מרקוס,33,"בנין המחלקה להנדסת חשמל ומחשבים ע""ש זלוטובסקי - 33",0,27,
153842,18/11/2018,1,פעיל,18/11/2018,60000728,"4,488.75","1,400.11",מחשב נייח - DELL Optiplex,מחשבי PC,5506,הנדסת חשמל,4324755,D437CS2,,,,,,5,קמפוס מרקוס,33,"בנין המחלקה להנדסת חשמל ומחשבים ע""ש זלוטובסקי - 33",0,27,
153843,18/11/2018,1,פעיל,18/11/2018,60000728,"4,488.75","1,400.11",מחשב נייח - DELL Optiplex,מחשבי PC,5506,הנדסת חשמל,4324755,5037CS2,,,,,,5,קמפוס מרקוס,33,"בנין המחלקה להנדסת חשמל ומחשבים ע""ש זלוטובסקי - 33",0,27,
154153,09/12/2018,1,פעיל,09/12/2018,60000728,"2,698.97",841.85,מחשב נייח - DELL Optiplex,מחשב OPTIPLEX7060  #DEL-PC-7060002,5910,מיקרוביולוגיה - מדעי הבריאות,5084147,803SZS2,,,,,,5,קמפוס מרקוס,M6,"M6 - בנין מעבדות מחקר רפואה ע""ש דייכמן - פלאם",2,224,
154154,09/12/2018,1,פעיל,09/12/2018,60000728,"2,698.97",841.85,מחשב נייח - DELL Optiplex,מחשב OPTIPLEX7060  #DEL-PC-7060002,5910,מיקרוביולוגיה - מדעי הבריאות,5084147,JD2SZS2,,,,,,5,קמפוס מרקוס,M6,"M6 - בנין מעבדות מחקר רפואה ע""ש דייכמן - פלאם",2,224,
154228,12/12/2018,1,פעיל,12/12/2018,60000728,"3,936.11","1,227.73",מחשב נייח - DELL Optiplex, OptiPlex 7060 MT .Dell מחשב בהתאם לפירוט בהצעת המחיר,5950,מחקרים רפואיים,4324964,GJBG2S2,,,,,,1,מדעי הבריאות סורוקה,SRK2,"בי""ח סרוקה מכון להתפתחות הילד",2,2,
154229,12/12/2018,1,פעיל,12/12/2018,60000728,"3,935.98","1,227.69",מחשב נייח - DELL Optiplex,מחשב OPTIPLEX7060  #DEL-PC-7060004,5910,מיקרוביולוגיה - מדעי הבריאות,5084147,GJDG2S2,,,,לא,לא,5,קמפוס מרקוס,M6,"M6 - בנין מעבדות מחקר רפואה ע""ש דייכמן - פלאם",2,224,
154230,12/12/2018,1,פעיל,12/12/2018,60000728,"3,935.98","1,227.69",מחשב נייח - DELL Optiplex,מחשב OPTIPLEX7060  #DEL-PC-7060004,5910,מיקרוביולוגיה - מדעי הבריאות,5084147,GJLF2S2,,,,לא,לא,5,קמפוס מרקוס,M6,"M6 - בנין מעבדות מחקר רפואה ע""ש דייכמן - פלאם",2,224,
154231,12/12/2018,1,פעיל,12/12/2018,60000728,"3,935.98","1,227.69",מחשב נייח - DELL Optiplex,מחשב OPTIPLEX7060  #DEL-PC-7060004,5910,מיקרוביולוגיה - מדעי הבריאות,5084147,GJCC2S2,,,,לא,לא,5,קמפוס מרקוס,M6,"M6 - בנין מעבדות מחקר רפואה ע""ש דייכמן - פלאם",2,224,
154296,23/12/2018,1,פעיל,23/12/2018,60000728,"4,834.18","1,507.85",מחשב נייח - DELL Optiplex,DELL OPTIPLEX 7060 .Dell OptiPlex 7060 MT,8298,0,5084847,8SWK2T2,,,,,,13,פארק הייטק,P1,בניין גב ים - P1,1,115,
154297,23/12/2018,1,פעיל,23/12/2018,60000728,"4,834.18","1,507.85",מחשב נייח - DELL Optiplex,DELL OPTIPLEX 7060 .Dell OptiPlex 7060 MT,8298,0,5084847,CVWK2T2,,,,,,13,פארק הייטק,P1,בניין גב ים - P1,1,115,
154298,23/12/2018,1,פעיל,23/12/2018,60000728,"4,834.18","1,507.85",מחשב נייח - DELL Optiplex,DELL OPTIPLEX 7060 .Dell OptiPlex 7060 MT,8298,0,5084847,HQWK2T2,,,,,,13,פארק הייטק,P1,בניין גב ים - P1,1,115,
154307,23/12/2018,1,פעיל,23/12/2018,60000728,"3,482.54","1,086.26",מחשב נייח - DELL Optiplex,"מחשב  7060 Tower OptiPlex  שורה 1 בהצעה המצ""ב",5518,הנ. סביבתית,4326080,57PM5T2,,,,,,5,קמפוס מרקוס,42,"בניין להנדסת ביוטכנולוגיה, ע""ש משפחת גוזיק - 42",0,4,
154409,02/01/2019,1,פעיל,02/01/2019,60000728,"4,310.59","1,344.54",מחשב נייח - DELL Optiplex,7060 Mini Tower .Optiplex מחשב נייח DELL דגם PC-7060014  לפי הצעת מחיר בנספחים,5315,ספרות עברית,4327642,GK1H2S2,,,,,,5,קמפוס מרקוס,74,74 - בנין משפחת הלן דילר,4,428,
154425,06/01/2019,1,פעיל,06/01/2019,60000728,"3,946.64","1,231.02",מחשב נייח - DELL Optiplex, OptiPlex7060  MT                  DEL-PC-7060004,5306,פסיכולוגיה,4327890,GJVD2S2,,,,,,1,מדעי הבריאות סורוקה,SRK,"בי""ח סורוקה -  כללי",1,35,
154514,20/01/2019,1,פעיל,20/01/2019,60000728,"3,146.93",981.57,מחשב נייח - DELL Optiplex,i5-8500 optiplex 7060 dell. מחשב + מסך בהתאם למפרט בהצעת המחיר,5950,מחקרים רפואיים,5086430,5BJMBT2,,,,,,1,מדעי הבריאות סורוקה,SRK2,"בי""ח סרוקה מכון להתפתחות הילד",2,2,
154709,03/02/2019,3,מושאל,20/03/2019,60000728,"3,872.93","1,208.03",מחשב נייח - DELL Optiplex,OptiPlex7060  MT DEL-PC-7060004,5307,סוציולוגיה-אנתרופולוגיה,4329432,C9R1ST2,,,,,,5,קמפוס מרקוס,72,"בנין הפקולטה למדה""ר ע""ש צוקר-גולדשטיין-גורן - 72",3,356,
154904,18/02/2019,1,פעיל,18/02/2019,60000728,"3,148.92",982.19,מחשב נייח - DELL Optiplex, OptiPlex7050 MT                      DEL-PC-7050C30,5553,מחקרים אלקטרואופטיקה,4330091,2988SP2,,,,,,5,קמפוס מרקוס,51,בניין מכון למדע וטכנולוגיה,2,208,
154905,18/02/2019,1,פעיל,18/02/2019,60000728,"3,148.92",982.19,מחשב נייח - DELL Optiplex, OptiPlex7050 MT                      DEL-PC-7050C30,5553,מחקרים אלקטרואופטיקה,4330091,298BSP2,,,,,,5,קמפוס מרקוס,51,בניין מכון למדע וטכנולוגיה,2,208,
155167,19/03/2019,1,פעיל,19/03/2019,60000728,"5,415.32","1,689.12",מחשב נייח - DELL Optiplex,HD//WIN10PRO 64B/3YOS/  .DELL OPTIPLEX 7460 AIO 23.8' FHD Touch I58500/ 8GB/256GBSSD/INTEL ,5310,מקרא וארכיאולוגיה,4331035,27N1DT2,,,,,,5,קמפוס מרקוס,72,"בנין הפקולטה למדה""ר ע""ש צוקר-גולדשטיין-גורן - 72",4,408,
156482,01/07/2019,1,פעיל,01/07/2019,60000728,"4,561.63","1,422.84",מחשב נייח - DELL Optiplex,i7-7700 7050 optiplex. מחשב OPT7050,5104,מדעי החיים,5092592,297BSP2,,,,,,5,קמפוס מרקוס,39,"בנין המכון למחקר ישומי במדעי החיים ע""ש דה 39-פיצ'וטו",2,219,
156609,15/07/2019,1,פעיל,15/07/2019,60000728,"8,351.92","2,605.09",מחשב נייח - DELL Optiplex,7760 AIO CTO .OptiPlex מחשב נייח ,6932,המכון למחקר שימושי,4337288,3R86ZX2,,,,,,8,קרית ברגמן,N2,בנין 2-קרית ברגמן,2,1,
156734,29/07/2019,1,פעיל,29/07/2019,60000728,"2,702.09",842.82,מחשב נייח - DELL Optiplex,Bronze) (ZR)#10  .with 260W up to 85% efficient Power Supply (80Plus  .3060 Mini Tower BTX (ZR) 1 329BDQX OptiPlex 3060 Tower  .OptiPlex 3060 Mini Tower Components 1 210AOIB OptiPlex ,5106,כימיה,4337787,15QQZX2,,,,,,5,קמפוס מרקוס,30,"בנין הפקולטה למדעי הטבע ע""ש גורובוי - 30",2,212,
156770,04/08/2019,1,פעיל,04/08/2019,60000728,"2,736.74",853.63,מחשב נייח - DELL Optiplex,מחשב DEL-PC-7050020,5950,מחקרים רפואיים,5094099,F2WDGQ2,,,,,,1,מדעי הבריאות סורוקה,SRK2,"בי""ח סרוקה מכון להתפתחות הילד",2,2,
156771,04/08/2019,1,פעיל,04/08/2019,60000728,"3,030.30",945.2,מחשב נייח - DELL Optiplex,מחשב DEL-PC-7050C71,5950,מחקרים רפואיים,5094099,GK3F2S2,,,,,,1,מדעי הבריאות סורוקה,SRK2,"בי""ח סרוקה מכון להתפתחות הילד",2,2,
156777,04/08/2019,1,פעיל,03/09/2019,60000728,"3,311.13","1,032.79",מחשב נייח - DELL Optiplex,מחשב נייח DELL OptiPlex 7050 MT,6426,מכון לסביבה,5092824,2983SP2,,,,לא,לא,7,קמפוס שדה בוקר,SB-26,,1,105,
156778,04/08/2019,1,פעיל,03/09/2019,60000728,"3,202.72",998.98,מחשב נייח - DELL Optiplex,מחשב נייח Dell OptiPlex 7050MT ,6426,מכון לסביבה,5092824,FK06NN2,,,,לא,לא,7,קמפוס שדה בוקר,SB-26,,1,105,
156779,04/08/2019,1,פעיל,04/08/2019,60000728,"2,129.40",664.19,מחשב נייח - DELL Optiplex,מחשב DEL-PC-7050C65,5950,מחקרים רפואיים,5094099,60WWBY2,,,,,,1,מדעי הבריאות סורוקה,SRK2,"בי""ח סרוקה מכון להתפתחות הילד",2,2,
156870,15/08/2019,1,פעיל,15/08/2019,60000728,"2,533.64",790.28,מחשב נייח - DELL Optiplex,מחשב DEL-PC-7050C31,5950,מחקרים רפואיים,5094099,BYVWBY2,,,,,,1,מדעי הבריאות סורוקה,SRK2,"בי""ח סרוקה מכון להתפתחות הילד",2,2,
157057,08/09/2019,1,פעיל,08/09/2019,60000728,"6,689.78","2,086.64",מחשב נייח - DELL Optiplex,"(QWERTY) - Black Ubuntu Linux 16.04 .Mouse MS116 Black Dell Multimedia Keyboard - Hebrew  .Class 20 Solid State Drive Basic Stand Dell Wired  .Star 16GB (2x8GB) 2400MHz DDR4 256GB 2.5inch SATA  .(QC/8MB/8T/3.6GHz/65W) supports Windows 10/Linux Energy  .with No Camera, UMA, Bronze PSU Intel Core i7-7700  .AIO XCTO TPM Enabled 5250 AIO 21.5, FHD Non Touch  .OPT 5250AIO I7-7700 3.6G 256/2X8G DOS OptiPlex 5250 ",5557,מחקרים הנדסת מכונות,4341240,F4PL9R2,,,,,,5,קמפוס מרקוס,57,"בנין מעבדות כבדות ע""ש סורף - 57",0,8,
157181,24/09/2019,1,פעיל,24/09/2019,60000728,"3,728.67","1,163.03",מחשב נייח - DELL Optiplex,מחשב  מחשב DEL-PC -7060004 OptiPlex 7060 MT ,5511,הנדסת חומרים,5098576,5GBG9Z2,,,,,,5,קמפוס מרקוס,59,"בנין הנדסת חומרים והנדסת כימיה ע""ש  פוסטר - 59",1,139,
157189,25/09/2019,1,פעיל,25/09/2019,60000728,"8,626.95","2,690.88",מחשב נייח - DELL Optiplex,"512/1X16G GTX 1050 W10PRO I7-8700 ""27 .OPT7760AIO מחשב לפי הצעת מחיר",5380,מחקרים מחשבת ישראל,4341665,24B4CZ2,,,,,,5,קמפוס מרקוס,72,"בנין הפקולטה למדה""ר ע""ש צוקר-גולדשטיין-גורן - 72",5,561,
157518,04/11/2019,1,פעיל,04/11/2019,60000728,"6,133.85","1,913.24",מחשב נייח - DELL Optiplex,CTO All-in-One 7470 .OptiPlex מחשב מסוג OptiPlex 7470 AllinOne CTO 10,5319,מסלול למזרח התיכון,5099336,1KLF703,,,,,,5,קמפוס מרקוס,72,"בנין הפקולטה למדה""ר ע""ש צוקר-גולדשטיין-גורן - 72",5,533,
157571,06/11/2019,1,פעיל,03/03/2020,60000728,"3,216.94","1,003.41",מחשב נייח - DELL Optiplex,512/2X4G DVR VGA W10HOMEx64 3.6G I7-7700 .7050MT מחשב,6912,המכון לחקר המדבר)שדה בוקר),5100186,2986SP2,,,,לא,כן,7,קמפוס שדה בוקר,SB-25,,0,18,
157640,17/11/2019,1,פעיל,17/11/2019,60000728,"6,542.64","2,040.75",מחשב נייח - DELL Optiplex,7760aio optiplex. OPTIPLEX AIO לפי הצעת מחיר Q19450171,5901,דיקן הפקולטה למדעי הבריאות,5100201,DPJB9Z2,,,,,,5,קמפוס מרקוס,M7,"M7 - בנין משרדי רפואה ע""ש אליה",3,306,
157758,24/11/2019,1,פעיל,24/11/2019,60000728,"4,877.30","1,521.30",מחשב נייח - DELL Optiplex,7070 Micro Form Factor .OptiPlex מחשב מסך ועכבר לפי הצעת מחיר מצורפת,5312,לשון עברית,4346193,5TPPGZ2,,,,,,5,קמפוס מרקוס,74,74 - בנין משפחת הלן דילר,4,434,
157818,27/11/2019,1,פעיל,27/11/2019,60000728,"5,282.90","1,647.82",מחשב נייח - DELL Optiplex,DEL-PC-7070003,5557,מחקרים הנדסת מכונות,5101486,1VDLXY2,,,,,,5,קמפוס מרקוס,55,"בנין המחלקה להנדסת מכונות ע""ש סורף - 55",3,318,
157931,11/12/2019,1,פעיל,11/12/2019,60000728,"5,445.50","1,698.53",מחשב נייח - DELL Optiplex,"MT I9-9900 512G/2X16G DVR VGA W10PROx64 מחשב. 7070 Mini Tower .OptiPlex MT I9-9900 512G/2X16G DVR VGA W10PROx64 מחשב Tower . efficient Power Supply (80Plus Bronze OptiPlex 7070 Mini . %TPM Enabled (OptiPlex 7070 Tower with 260W up to 85 . 4.9GHz/65W (8 Cores/16MB/16T/up to i9-9900 (Intel Core . Optical Disk Drive supports Windows 10/Linux 9.5mm . DVD+/-RW 8x Non-ECC 32GB 2x16GB DDR4 2666MHz UDIMM . 512GB PCIe NVMe Class 40 Solid State Drive M.2 OptiPlex . Dell Graphics, Video Port for Tower Intel Integrated . Black Optional VGA - MS116 - Black Dell Optical Mouse . - Hebrew (QWERTY) - Enabled Dell Multimedia Keyboard . Windows 10 Pro 64bit English Intel vPro Technology . Basic Onsite Service 3",5556,מחקרים הנדסת חשמל,5102057,9TDLXY2,,,,,,5,קמפוס מרקוס,33,"בנין המחלקה להנדסת חשמל ומחשבים ע""ש זלוטובסקי - 33",1,105,
157932,11/12/2019,1,פעיל,11/12/2019,60000728,"3,273.78","1,021.14",מחשב נייח - DELL Optiplex,7070 Mini Tower .OptiPlex 1T/1X8G DVR VGA מחש MT I7-9700 W10PROx64,5803,לשכת הרקטור,5101611,JMND413,,,,,,5,קמפוס מרקוס,33,"בנין המחלקה להנדסת חשמל ומחשבים ע""ש זלוטובסקי - 33",0,303,
157933,11/12/2019,1,פעיל,11/12/2019,60000728,"3,172.49",989.55,מחשב נייח - DELL Optiplex,256/1X8G DVR VGA W10HOMEx64 5Y I7-7700 .7050MT מחשב נייח -7050MT 97-7700 3.6G 512/2X4G,6426,מכון לסביבה,5102049,297CSP2,,,,,,7,קמפוס שדה בוקר,SB-26,,1,105,
158105,02/01/2020,1,פעיל,02/01/2020,60000728,"8,029.92","2,504.65",מחשב נייח - DELL Optiplex,CTO All-in-One 7770 .OptiPlex מחשב לפי הצעת מחיר Q19453775,5308,כלכלה,4347507,H0WJJ13,,,,,,5,קמפוס מרקוס,72,"בנין הפקולטה למדה""ר ע""ש צוקר-גולדשטיין-גורן - 72",4,459,
158228,19/01/2020,1,פעיל,19/01/2020,60000728,"4,335.96","1,352.45",מחשב נייח - DELL Optiplex,"BASE,MT,OPTI,XE3,XCTO .OptiPlex XE3",5107,המחלקה למדעי כדור הארץ והסביבה,5102568,JTDBS13,,,,,,5,קמפוס מרקוס,58,"בנין מתמטיקה וגיאולוגיה ע""ש דייכמן-גרוסמן - 58",2,229,
158232,19/01/2020,1,פעיל,19/01/2020,60000728,"4,400.88","1,372.70",מחשב נייח - DELL Optiplex,DEL-PC-7070MICRO04  OptiPlex 7070 Micro I-7 9700T,5511,הנדסת חומרים,5104724,3NFMJ13,,,,,,5,קמפוס מרקוס,51,בניין מכון למדע וטכנולוגיה,3,306,
158281,22/01/2020,1,פעיל,22/01/2020,60000728,"3,315.69","1,034.21",מחשב נייח - DELL Optiplex,7070 Mini Tower .OptiPlex מחשב MT I7-9700 512G/1X8G DVR VGA W10PROx64,6912,המכון לחקר המדבר)שדה בוקר),4350500,DH7Z623,,,,,,7,קמפוס שדה בוקר,SB-25,,2,111,
158300,26/01/2020,1,פעיל,26/01/2020,60000728,"3,630.03","1,132.26",מחשב נייח - DELL Optiplex,"OPTIPLEX 7070 DELL. מחשב DELL עפ"" י הצעת מחיר Q20459626",6407,אדם במדבר,4351561,CDXB013,,,,,,7,קמפוס שדה בוקר,SB-1,,1,1,
158495,13/02/2020,1,פעיל,13/02/2020,60000728,"4,668.66","1,456.23",מחשב נייח - DELL Optiplex,MT I7-9700 512G/1X8G DVR VGA W10PROx64 מחשב. 7070 Mini Tower .OptiPlex מחשב נייח מסוג דל מי טוואר אופטיפלקס 7070 מיני טוואר,5349,מדעי המוח והקוגניציה,5106399,DSRST23,,,,,,5,קמפוס מרקוס,93,בנין 93 - C מתחם,1,14,
158519,17/02/2020,1,פעיל,17/02/2020,60000728,"7,647.53","2,385.38",מחשב נייח - DELL Optiplex,OptiPlex 7070 Mini Tower,5940,"מיקרוביולוגיה, אימונולוגיה וגנטיקה",5105708,9FLFS13,,,,,,5,קמפוס מרקוס,39,"בנין המכון למחקר ישומי במדעי החיים ע""ש דה 39-פיצ'וטו",3,317,
158520,17/02/2020,1,פעיל,17/02/2020,60000728,"4,615.93","1,439.78",מחשב נייח - DELL Optiplex,OptiPlex 7770 all-in-one CTO,5301,דיקן הפקולטה לרוח וחברה,4351192,FNS9S23,,,,,,5,קמפוס מרקוס,72,"בנין הפקולטה למדה""ר ע""ש צוקר-גולדשטיין-גורן - 72",3,309,
158580,25/02/2020,1,פעיל,27/02/2020,60000728,"2,567.89",800.96,מחשב נייח - DELL Optiplex,.DEL-PC-7070MICRO01 7070 Micro Form Factor .OptiPlex מחשב א בהתאם למפרט,5950,מחקרים רפואיים,4353333,gdlfs13,,,,לא,לא,1,מדעי הבריאות סורוקה,SRK2,"בי""ח סרוקה מכון להתפתחות הילד",2,2,
158581,25/02/2020,1,פעיל,25/02/2020,60000728,"2,567.89",800.96,מחשב נייח - DELL Optiplex,.DEL-PC-7070MICRO01 7070 Micro Form Factor .OptiPlex מחשב א בהתאם למפרט,5950,מחקרים רפואיים,4353333,,,,,,,1,מדעי הבריאות סורוקה,SRK2,"בי""ח סרוקה מכון להתפתחות הילד",2,2,
158582,25/02/2020,1,פעיל,25/02/2020,60000728,"2,567.89",800.96,מחשב נייח - DELL Optiplex,.DEL-PC-7070MICRO01 7070 Micro Form Factor .OptiPlex מחשב א בהתאם למפרט,5950,מחקרים רפואיים,4353333,,,,,,,1,מדעי הבריאות סורוקה,SRK2,"בי""ח סרוקה מכון להתפתחות הילד",2,2,
158583,25/02/2020,1,פעיל,25/02/2020,60000728,"2,567.89",800.96,מחשב נייח - DELL Optiplex,.DEL-PC-7070MICRO01 7070 Micro Form Factor .OptiPlex מחשב א בהתאם למפרט,5950,מחקרים רפואיים,4353333,,,,,,,1,מדעי הבריאות סורוקה,SRK2,"בי""ח סרוקה מכון להתפתחות הילד",2,2,
158584,25/02/2020,1,פעיל,25/02/2020,60000728,"4,923.45","1,535.70",מחשב נייח - DELL Optiplex,7070 Mini Tower .OptiPlex .DEL-PC-7070003 מחשב ב' בהתאם למפרט,5950,מחקרים רפואיים,4353333,,,,,לא,לא,1,מדעי הבריאות סורוקה,SRK2,"בי""ח סרוקה מכון להתפתחות הילד",2,2,
158585,25/02/2020,1,פעיל,27/02/2020,60000728,"4,923.45","1,535.70",מחשב נייח - DELL Optiplex,7070 Mini Tower .OptiPlex .DEL-PC-7070003 מחשב ב' בהתאם למפרט,5950,מחקרים רפואיים,4353333,9dsgy23'4dsgy23,,,,לא,לא,1,מדעי הבריאות סורוקה,SRK2,"בי""ח סרוקה מכון להתפתחות הילד",2,2,
158609,01/03/2020,1,פעיל,01/03/2020,60000728,"2,408.17",751.15,מחשב נייח - DELL Optiplex,i5-9500 Optiplex 5070MT DELL. ציוד מחשוב ,5940,"מיקרוביולוגיה, אימונולוגיה וגנטיקה",5105708,47YQB23,,,,,,5,קמפוס מרקוס,39,"בנין המכון למחקר ישומי במדעי החיים ע""ש דה 39-פיצ'וטו",3,317,
158610,01/03/2020,1,פעיל,01/03/2020,60000728,"2,408.17",751.15,מחשב נייח - DELL Optiplex,i5-9500 Optiplex 5070MT DELL. ציוד מחשוב ,5940,"מיקרוביולוגיה, אימונולוגיה וגנטיקה",5105708,54W0033,,,,,,5,קמפוס מרקוס,39,"בנין המכון למחקר ישומי במדעי החיים ע""ש דה 39-פיצ'וטו",3,317,
158611,01/03/2020,1,פעיל,01/03/2020,60000728,"2,408.17",751.15,מחשב נייח - DELL Optiplex,i5-9500 Optiplex 5070MT DELL. ציוד מחשוב ,5940,"מיקרוביולוגיה, אימונולוגיה וגנטיקה",5105708,J6YQB23,,,,,,5,קמפוס מרקוס,39,"בנין המכון למחקר ישומי במדעי החיים ע""ש דה 39-פיצ'וטו",3,317,
158612,01/03/2020,1,פעיל,01/03/2020,60000728,"5,863.52","1,828.92",מחשב נייח - DELL Optiplex,OptiPlex 7770 All-in-One CTO,5325,המחלקה לתולדות האומנות,4350140,FCRMZ23,,,,,,5,קמפוס מרקוס,74,74 - בנין משפחת הלן דילר,2,216,
159293,01/06/2020,3,מושאל,28/06/2020,60000728,"3,139.11",979.14,מחשב נייח - DELL Optiplex,DELL OPTIPLEX 7070,5307,סוציולוגיה-אנתרופולוגיה,5110072,82PST23,,,,לא,לא,5,קמפוס מרקוס,72,"בנין הפקולטה למדה""ר ע""ש צוקר-גולדשטיין-גורן - 72",3,356,
159375,10/06/2020,1,פעיל,10/06/2020,60000728,"5,500.63","1,715.73",מחשב נייח - DELL Optiplex,מחשב Dell OptiPlex 7770 All-in-One       ,5313,גאוגרפיה,5109966,FK81C43,,,,,,5,קמפוס מרקוס,72,"בנין הפקולטה למדה""ר ע""ש צוקר-גולדשטיין-גורן - 72",2,222,
159376,10/06/2020,1,פעיל,04/10/2021,60000728,"6,723.90","2,097.29",מחשב נייח - DELL Optiplex,מחשב Dell OptiPlex 7770 All-in-One,5313,גאוגרפיה,5110035,7P6NC43,,,,לא,כן,5,קמפוס מרקוס,72,"בנין הפקולטה למדה""ר ע""ש צוקר-גולדשטיין-גורן - 72",2,219,
159377,10/06/2020,1,פעיל,10/06/2020,60000728,"3,952.94","1,232.98",מחשב נייח - DELL Optiplex,OptiPlex 7070 Mini Tower,5306,פסיכולוגיה,5110568,1635G33,,,,,,5,קמפוס מרקוס,98,בנין למדעי ההתנהגות - 98 ,3,1,
159427,14/06/2020,1,פעיל,14/06/2020,60000728,"4,224.73","1,317.76",מחשב נייח - DELL Optiplex,דיסק 512GB SSD M.2 PCIE אחריות שלוש שנים בבית הלקוח . זיכרון לתחנה x 2 מחשב MTI7-9700 DVR VGA W10PROx64 . OptiPlex 7070 Mini Tower 1T/1X8G,6912,המכון לחקר המדבר)שדה בוקר),5110691,7WRST23,,,,,,7,קמפוס שדה בוקר,SB-25,,1,14,
159448,15/06/2020,1,פעיל,15/06/2020,60000728,"6,763.63","2,109.68",מחשב נייח - DELL Optiplex,OptiPlex מחשב SF  256G/1X8G DVR VGA  7070 SFF CTO . I7-9700 W10PROx64,5511,הנדסת חומרים,5110017,DBFGN33,,,,,,5,קמפוס מרקוס,51,בניין מכון למדע וטכנולוגיה,3,306,
159577,28/06/2020,1,פעיל,28/06/2020,60000728,"6,295.33","1,963.61",מחשב נייח - DELL Optiplex,DELL OPTIPLEX 7070 .MT I9-9900 512G/2X16G DVR VGA W10PROx64 ,5566,מחקרים הנ. תקשורת,5110997,3Y06W23,,,,,,5,קמפוס מרקוס,37,בניין 37 אלון לטכנולוגיה עילית,4,416,
159912,22/07/2020,1,פעיל,22/07/2020,60000728,"3,483.09","1,086.43",מחשב נייח - DELL Optiplex,DELL OPTIPLEX 7070,5910,מיקרוביולוגיה - מדעי הבריאות,5112846,1WRST23,,,,,,1,מדעי הבריאות סורוקה,M6,"M6 - בנין מעבדות מחקר רפואה ע""ש דייכמן - פלאם",1,140,
159914,22/07/2020,1,פעיל,22/07/2020,60000728,"3,483.01","1,086.40",מחשב נייח - DELL Optiplex,DELL OPTIPLEX 7070 ,5910,מיקרוביולוגיה - מדעי הבריאות,5112844,6WRST23,,,,,,1,מדעי הבריאות סורוקה,M6,"M6 - בנין מעבדות מחקר רפואה ע""ש דייכמן - פלאם",1,140,
160079,09/08/2020,1,פעיל,09/08/2020,60000728,"4,634.99","1,445.72",מחשב נייח - DELL Optiplex,OPTIPLEX 7070 DELL. מחשב dell i7,5940,"מיקרוביולוגיה, אימונולוגיה וגנטיקה",5113248,D8YK653,,,,,,5,קמפוס מרקוס,39,"בנין המכון למחקר ישומי במדעי החיים ע""ש דה 39-פיצ'וטו",3,317,
160080,09/08/2020,3,מושאל,19/08/2020,60000728,"3,553.39","1,108.36",מחשב נייח - DELL Optiplex,7070 Mini Tower .OptiPlex מחשב נייח ,5307,סוציולוגיה-אנתרופולוגיה,4361234,81WVM53,,,,,,5,קמפוס מרקוס,72,"בנין הפקולטה למדה""ר ע""ש צוקר-גולדשטיין-גורן - 72",3,347,
160189,16/08/2020,1,פעיל,16/08/2020,60000728,"7,496.93","2,338.41",מחשב נייח - DELL Optiplex,רכישת מחשב,5319,מסלול למזרח התיכון,5113017,BBRFR53,,,,,,5,קמפוס מרקוס,72,"בנין הפקולטה למדה""ר ע""ש צוקר-גולדשטיין-גורן - 72",5,533,
160408,10/09/2020,1,פעיל,10/09/2020,60000728,"3,498.09","1,091.11",מחשב נייח - DELL Optiplex,optiplex7070/I7-9700/NVMe512GB/2x16GB2666/DVR/W10PROx64,5108,המחלקה למדעי המחשב,5114041,GGYQX53,,,,,,5,קמפוס מרקוס,37,בניין 37 אלון לטכנולוגיה עילית,0,7,
160590,24/09/2020,1,פעיל,24/09/2020,60000728,"8,331.78","2,598.81",מחשב נייח - DELL Optiplex,XCTO All-in-One 7780 .OptiPlex מחשב נייח,5309,הסטוריה של עם ישראל,4363051,CKPZM63,,,,,,5,קמפוס מרקוס,72,"בנין הפקולטה למדה""ר ע""ש צוקר-גולדשטיין-גורן - 72",6,626,
160741,30/09/2020,1,פעיל,12/10/2020,60000728,"5,289.99","1,650.03",מחשב נייח - DELL Optiplex,מחשב מדגם DELL 7070,6416,מעבדות לחישה,5115317,,,,,,,7,קמפוס שדה בוקר,SB-Z,,1,1,
160747,30/09/2020,1,פעיל,12/10/2020,60000728,"4,142.23","1,292.02",מחשב נייח - DELL Optiplex,מחשב DELL דגם 7070,6416,מעבדות לחישה,5115317,,,,,,,7,קמפוס שדה בוקר,SB-Z,,1,1,
160748,30/09/2020,1,פעיל,12/10/2020,60000728,"4,142.23","1,292.02",מחשב נייח - DELL Optiplex,מחשב DELL דגם 7070,6416,מעבדות לחישה,5115317,,,,,,,7,קמפוס שדה בוקר,SB-Z,,1,1,
160749,30/09/2020,1,פעיל,12/10/2020,60000728,"4,475.89","1,396.10",מחשב נייח - DELL Optiplex,מחשב מדגם DELL 7070,6416,מעבדות לחישה,5115317,,,,,,,7,קמפוס שדה בוקר,SB-Z,,1,1,
160842,18/10/2020,1,פעיל,18/10/2020,60000728,"3,116.30",972.02,מחשב נייח - DELL Optiplex,מחשב  OPT7070 DEL-PC-7070MICRO02 ,5104,מדעי החיים,5116151,4P7LZ63,,,,,,5,קמפוס מרקוס,39,"בנין המכון למחקר ישומי במדעי החיים ע""ש דה 39-פיצ'וטו",2,215,
160843,18/10/2020,1,פעיל,18/10/2020,60000728,"3,116.30",972.02,מחשב נייח - DELL Optiplex,מחשב  OPT7070 DEL-PC-7070MICRO02 ,5104,מדעי החיים,5116151,9P7LZ63,,,,,,5,קמפוס מרקוס,39,"בנין המכון למחקר ישומי במדעי החיים ע""ש דה 39-פיצ'וטו",2,215,
161162,01/11/2020,1,פעיל,01/11/2020,60000728,"4,128.49","1,287.74",מחשב נייח - DELL Optiplex,7070 .OptiPlex מחשב MT-I7-9700 1T/1X8G DVR HDMI W10PROx64,6912,המכון לחקר המדבר)שדה בוקר),5117442,9VYQX53,,,,,,7,קמפוס שדה בוקר,SB-25,,2,111,
161163,01/11/2020,1,פעיל,01/11/2020,60000728,"4,128.49","1,287.74",מחשב נייח - DELL Optiplex,7070 .OptiPlex מחשב MT-I7-9700 1T/1X8G DVR HDMI W10PROx64,6912,המכון לחקר המדבר)שדה בוקר),5117442,BSYQX53,,,,,,7,קמפוס שדה בוקר,SB-25,,2,111,
161334,11/11/2020,1,פעיל,11/11/2020,60000728,"3,200.13",998.17,מחשב נייח - DELL Optiplex,מחשב OptiPlex SFF 7070 DELL,5308,כלכלה,5117919,464PX53,,,,,,5,קמפוס מרקוס,72,"בנין הפקולטה למדה""ר ע""ש צוקר-גולדשטיין-גורן - 72",4,459,
161452,25/11/2020,1,פעיל,25/11/2020,60000728,"4,029.85","1,256.97",מחשב נייח - DELL Optiplex,מחשב נייח DELL OPTIPLEX 7080,5301,דיקן הפקולטה לרוח וחברה,5119031,1P70N63,,,,,,5,קמפוס מרקוס,72,"בנין הפקולטה למדה""ר ע""ש צוקר-גולדשטיין-גורן - 72",6,669,
161467,26/11/2020,1,פעיל,26/11/2020,60000728,"2,587.02",806.93,מחשב נייח - DELL Optiplex,"DELL 7070 MT I7-9700,8G/2666,256G SSD,DVDRW,VGA PORT,W10P64",5563,מחקרים ביוטכנולוגיה,4367183,CST5N33,,,,,,5,קמפוס מרקוס,42,"בניין להנדסת ביוטכנולוגיה, ע""ש משפחת גוזיק - 42",1,118,
161476,29/11/2020,1,פעיל,07/03/2021,60000728,"8,165.84","2,547.05",מחשב נייח - DELL Optiplex,לפי הצעת מחיר מס' Dell OptiPlex 7780 AIO Q20483907,5313,גאוגרפיה,5116557,1BY37C3,,,,לא,לא,5,קמפוס מרקוס,72,"בנין הפקולטה למדה""ר ע""ש צוקר-גולדשטיין-גורן - 72",2,222,
161477,29/11/2020,1,פעיל,29/11/2020,60000728,"2,653.97",827.81,מחשב נייח - DELL Optiplex,OptiPlex 7070 MT ,5940,"מיקרוביולוגיה, אימונולוגיה וגנטיקה",5117697,DQ1KT73,,,,,,5,קמפוס מרקוס,39,"בנין המכון למחקר ישומי במדעי החיים ע""ש דה 39-פיצ'וטו",3,317,
161660,16/12/2020,1,פעיל,27/12/2020,60000728,"12,766.96","3,982.21",מחשב נייח - DELL Optiplex,"7080 Tower XCTO .OptiPlex מחשב DELL PC 7080009 עפ""י הצעת המחיר ",6416,מעבדות לחישה,5119075,,,,,לא,לא,7,קמפוס שדה בוקר,SB-1,,1,1,
162108,28/01/2021,1,פעיל,28/01/2021,60000728,"3,441.20","1,073.36",מחשב נייח - DELL Optiplex,DEL-PC-5080006 OptiPlex 5080 SFF XCTO,5104,מדעי החיים,5122272,8CC0N63,,,,,,5,קמפוס מרקוס,41,"בניין המכון הלאומי לביוטכנולוגיה בנגב, ע""ש אדגר דה-פיצ'וטו - 41",3,331,
162114,31/01/2021,1,פעיל,31/01/2021,60000728,"9,348.60","2,915.97",מחשב נייח - DELL Optiplex,7080 Tower .OptiPlex מחשב נייח,5930,רקנאטי,5121303,F8W0BB3,,,,,,1,מדעי הבריאות סורוקה,M8,M8 - בנין דייכמן למקצועות הבריאות,-1,5,
162332,21/02/2021,1,פעיל,21/02/2021,60000728,"2,907.56",906.91,מחשב נייח - DELL Optiplex,"763.00 $ 1.00 1 7080 יח' 763.00 SFF I5-10500 W10PRO . 512G/1X8G DVR HDMI מחשב 10 Core OptiPlex 7080 SFF . Supports up to )Bronze), Small Form Factor with 200W . Module (Discrete TPM Enabled Processors OptiPlex 7080 . (Trusted Platform 4.5GHz/65W to Cores/12MB/12T/3.1GHz . 6) i5-10500 Core (Intel® (EPEAT 2018 Registered (Silver . or 2933MHz (2933MHz requires Intel Core i7 or above . 35 Solid State Drive DDR4 Memory (8GB 1x8GB 2666MHz . 512GB PCIe NVMe Class M.2 Optical Disk Drive 9.5mm . DVD+/-RW Video Port 8x 2.0b Including Optional HDMI . Black - Mouse-MS116 Black Dell Optical - (QWERTY) . Hebrew - Pro 64bit English Dell Multimedia Keyboard . ProSupport and Next Business Day Onsite Service Windows 10 . 3Y DEL-PC-7080002",5104,מדעי החיים,4371418,9Z83X73,,,,,,5,קמפוס מרקוס,40,"בנין המחלקה למדעי החיים ע""ש טומן - 40",2,206,
162333,21/02/2021,1,פעיל,21/02/2021,60000728,"4,873.87","1,520.24",מחשב נייח - DELL Optiplex,"(ZR) 1 379-BDTO EPEAT 2018 Registered (Silver) ( .i7-10700 (8-Core, 16MB Cache, 2.9GHz to 4.8GHz, 65W)  .Processors (ZR) 1 338-BVCD 10th Generation Intel Core  .Supply (Platinum), Supports up to 10 Core, up to 65W  .(ZR) 1 329-BETX OptiPlex 7080 Tower with 500W Power  .329-BBJL Trusted Platform Module (Discrete TPM Enabled) ",5506,הנדסת חשמל,4370410,23QYVB3,,,,,,5,קמפוס מרקוס,33,"בנין המחלקה להנדסת חשמל ומחשבים ע""ש זלוטובסקי - 33",1,123,
162523,14/03/2021,1,פעיל,14/03/2021,60000728,"3,789.77","1,182.09",מחשב נייח - DELL Optiplex,OptiPlex 7080 Mini Tower BTO,5104,מדעי החיים,5124365,BTVZ983,,,,,,5,קמפוס מרקוס,39,"בנין המכון למחקר ישומי במדעי החיים ע""ש דה 39-פיצ'וטו",2,215,
162668,07/04/2021,1,פעיל,07/04/2021,60000728,"5,178.34","1,615.20",מחשב נייח - DELL Optiplex,DELL OPTIPLEX 7080,5556,מחקרים הנדסת חשמל,5122793,J15Q973,,,,,,5,קמפוס מרקוס,64,מתקן חלוץ - 64,1,107,
162814,25/04/2021,1,פעיל,25/04/2021,60000728,"15,261.45","4,760.28",מחשב נייח - DELL Optiplex,מחשב DELL PC 7080C06,6416,מעבדות לחישה,5123089,5112TC3,,,,,,7,קמפוס שדה בוקר,SB-1,,1,1,
162881,27/04/2021,1,פעיל,27/04/2021,60000728,"6,428.63","2,005.19",מחשב נייח - DELL Optiplex,OptiPlex 7780 All-in-One,6731,מלונאות ותיירות,4370292,,,,,,,5,קמפוס מרקוס,15,בנין בית הספר לניהול - 15,2,215,
162909,02/05/2021,1,פעיל,02/05/2021,60000728,"6,203.79","1,935.06",מחשב נייח - DELL Optiplex,DELL OPTIPLEX 7080,5556,מחקרים הנדסת חשמל,5122793,93PDH936,,,,,,5,קמפוס מרקוס,64,מתקן חלוץ - 64,1,107,
162910,02/05/2021,1,פעיל,02/05/2021,60000728,"6,203.79","1,935.06",מחשב נייח - DELL Optiplex,DELL OPTIPLEX 7080,5556,מחקרים הנדסת חשמל,5122793,B1PDH93,,,,,,5,קמפוס מרקוס,64,מתקן חלוץ - 64,1,107,
163001,11/05/2021,1,פעיל,11/05/2021,60000728,"2,400.80",748.84,מחשב נייח - DELL Optiplex,"מחשב חשכ"" ל - Dell OptiPlex 7080 10th Gen",5307,סוציולוגיה-אנתרופולוגיה,4373884,BVVLTC3,,,,,,5,קמפוס מרקוס,72,"בנין הפקולטה למדה""ר ע""ש צוקר-גולדשטיין-גורן - 72",3,356,
163002,11/05/2021,1,פעיל,11/05/2021,60000728,"2,001.64",624.34,מחשב נייח - DELL Optiplex,מחשב נייח DEL OptiPlex7080 כולל שידרוג דיסק,5311,הסטוריה,4372802,CWLTC3,,,,,,5,קמפוס מרקוס,74,74 - בנין משפחת הלן דילר,3,317,
163106,26/05/2021,1,פעיל,26/05/2021,60000728,"2,626.88",819.36,מחשב נייח - DELL Optiplex,Pro (64Bit) Multi  Warranty Windows 1Y Parts Only . English 10 -Language Hebrew  Dell Multimedia - Keyboard . Black  -  (QWERTY) Mouse- Black 8x DVD  Dell Optical . - Optical MS116 9.5mm /-RW+ 256 M.2 Class  Disk Drive . (1x8GB) DDR4 non 35 Solid State Drive GB PCIe NVMe . 8GB -DVD+/ Memory ECC- (Silver RW Bezel (EPEAT 2018 . Compete Bid Use Only  Registered i5-10500 Intel Core . efficiency PSU (  with 260W up to (OptiPlex 7080 Tower  . %(Discrete  (Trusted Platform up to 65W CPU Bronze 85 . 256 TPM Enabled OptiPlex  Module מחשב  7080 Tower . 7080MT /1X8G DVR W10PROx64 i5-10500 1Y ,5104,מדעי החיים,5127279,3WVLTC3,,,,,,5,קמפוס מרקוס,39,"בנין המכון למחקר ישומי במדעי החיים ע""ש דה 39-פיצ'וטו",2,227,
163492,27/06/2021,1,פעיל,27/06/2021,60000728,"3,242.99","1,011.54",מחשב נייח - DELL Optiplex,מחשב נייח 16GBDDR Dell OptiPlex micro MFF Hard-drive . Wifi 256SSD,6912,המכון לחקר המדבר)שדה בוקר),5128867,DQY4CF3,,,,,,7,קמפוס שדה בוקר,SB-25,,2,118,
163783,19/07/2021,1,פעיל,19/07/2021,60000728,"2,450.73",764.42,מחשב נייח - DELL Optiplex,Only Warranty .Windows 10 Pro (64Bit) Multi-Language English 3Y Parts  .Dell Multimedia Keyboard - Hebrew (QWERTY) - Black  .Optical Disk Drive Dell Optical Mouse-MS116 - Black  .DDR4 non-ECC Memory 512GB SSD M.2 8x DVD+/-RW 9.5mm  .2018 Registered (Silver) DVD+/-RW Bezel 16GB (2x8GB)  .Bronze) Compete Bid Use Only Intel Core i5-10500 EPEAT  .with 260W up to 85% efficiency PSU (up to 65W CPU  .Module (Discrete TPM Enabled) OptiPlex 7080 Tower  .DELL OPTIPLEX 7080 OptiPlex 7080 Tower Trusted Platform ,5104,מדעי החיים,5129831,B1WLTC3,,,,,,5,קמפוס מרקוס,39,"בנין המכון למחקר ישומי במדעי החיים ע""ש דה 39-פיצ'וטו",2,227,
163900,29/07/2021,1,פעיל,29/07/2021,60000728,"7,728.58","2,410.66",מחשב נייח - DELL Optiplex,OptiPlex 7090 Tower 128GB RAM,5556,מחקרים הנדסת חשמל,5128908,58Y0XF3,,,,,,5,קמפוס מרקוס,33,"בנין המחלקה להנדסת חשמל ומחשבים ע""ש זלוטובסקי - 33",1,123,
163915,02/08/2021,1,פעיל,02/08/2021,60000728,"1,909.70",595.66,מחשב נייח - DELL Optiplex,7080MT i5-10500 256/1X8G DVR W10PROx64 1Y מחשב 7080  . DELL OPTIPLEX,5105,פיסיקה,4380472,,,,,,,1,מדעי הבריאות סורוקה,54,"בנין סאקט""א-רש""יל פיזיקה - 54",0,10,
163916,02/08/2021,1,פעיל,02/08/2021,60000728,"1,909.70",595.66,מחשב נייח - DELL Optiplex,7080MT i5-10500 256/1X8G DVR W10PROx64 1Y מחשב 7080  . DELL OPTIPLEX,5105,פיסיקה,4380472,,,,,,,1,מדעי הבריאות סורוקה,54,"בנין סאקט""א-רש""יל פיזיקה - 54",0,10,
163917,02/08/2021,1,פעיל,02/08/2021,60000728,"1,909.70",595.66,מחשב נייח - DELL Optiplex,7080MT i5-10500 256/1X8G DVR W10PROx64 1Y מחשב 7080  . DELL OPTIPLEX,5105,פיסיקה,4380472,,,,,,,1,מדעי הבריאות סורוקה,54,"בנין סאקט""א-רש""יל פיזיקה - 54",0,10,
163918,02/08/2021,1,פעיל,02/08/2021,60000728,"1,909.70",595.66,מחשב נייח - DELL Optiplex,7080MT i5-10500 256/1X8G DVR W10PROx64 1Y מחשב 7080  . DELL OPTIPLEX,5105,פיסיקה,4380472,,,,,,,1,מדעי הבריאות סורוקה,54,"בנין סאקט""א-רש""יל פיזיקה - 54",0,10,
163919,02/08/2021,1,פעיל,02/08/2021,60000728,"1,909.70",595.66,מחשב נייח - DELL Optiplex,7080MT i5-10500 256/1X8G DVR W10PROx64 1Y מחשב 7080  . DELL OPTIPLEX,5105,פיסיקה,4380472,,,,,,,1,מדעי הבריאות סורוקה,54,"בנין סאקט""א-רש""יל פיזיקה - 54",0,10,
163920,02/08/2021,1,פעיל,02/08/2021,60000728,"1,909.70",595.66,מחשב נייח - DELL Optiplex,7080MT i5-10500 256/1X8G DVR W10PROx64 1Y מחשב 7080  . DELL OPTIPLEX,5105,פיסיקה,4380472,,,,,,,1,מדעי הבריאות סורוקה,54,"בנין סאקט""א-רש""יל פיזיקה - 54",0,10,
163921,02/08/2021,1,פעיל,02/08/2021,60000728,"1,909.70",595.66,מחשב נייח - DELL Optiplex,7080MT i5-10500 256/1X8G DVR W10PROx64 1Y מחשב 7080  . DELL OPTIPLEX,5105,פיסיקה,4380472,,,,,,,1,מדעי הבריאות סורוקה,54,"בנין סאקט""א-רש""יל פיזיקה - 54",0,10,
163922,02/08/2021,1,פעיל,02/08/2021,60000728,"1,909.70",595.66,מחשב נייח - DELL Optiplex,7080MT i5-10500 256/1X8G DVR W10PROx64 1Y מחשב 7080  . DELL OPTIPLEX,5105,פיסיקה,4380472,,,,,,,1,מדעי הבריאות סורוקה,54,"בנין סאקט""א-רש""יל פיזיקה - 54",0,10,
163923,02/08/2021,1,פעיל,02/08/2021,60000728,"1,909.70",595.66,מחשב נייח - DELL Optiplex,7080MT i5-10500 256/1X8G DVR W10PROx64 1Y מחשב 7080  . DELL OPTIPLEX,5105,פיסיקה,4380472,,,,,,,1,מדעי הבריאות סורוקה,54,"בנין סאקט""א-רש""יל פיזיקה - 54",0,10,
163924,02/08/2021,1,פעיל,02/08/2021,60000728,"1,909.70",595.66,מחשב נייח - DELL Optiplex,7080MT i5-10500 256/1X8G DVR W10PROx64 1Y מחשב 7080  . DELL OPTIPLEX,5105,פיסיקה,4380472,,,,,,,1,מדעי הבריאות סורוקה,54,"בנין סאקט""א-רש""יל פיזיקה - 54",0,10,
164012,11/08/2021,1,פעיל,11/08/2021,60000728,"2,680.67",836.14,מחשב נייח - DELL Optiplex,מחשב נייח OptiPlex 7080mff xcto,5331,תקשורת השוואתית:טכנולוגיה וחברה,4380722,B9VQQF3,,,,,,5,קמפוס מרקוס,72,"בנין הפקולטה למדה""ר ע""ש צוקר-גולדשטיין-גורן - 72",5,540,
164124,18/08/2021,1,פעיל,18/08/2021,60000728,"6,885.68","2,147.75",מחשב נייח - DELL Optiplex,DELL OPTIPLEX 7080 .OptiPlex 7080 Tower .DELL OPTIPLEX 7080,5556,מחקרים הנדסת חשמל,5130316,HXV3MF3,,,,,,5,קמפוס מרקוס,33,"בנין המחלקה להנדסת חשמל ומחשבים ע""ש זלוטובסקי - 33",1,105,
164185,29/08/2021,1,פעיל,29/08/2021,60000728,"6,323.64","1,942.15",מחשב נייח - DELL Optiplex,מחשב נייח 7780 Dell OptiPlex 27,5314,אנגלית כשפה זרה,4374801,675PXG3,,,,,,5,קמפוס מרקוס,72,"בנין הפקולטה למדה""ר ע""ש צוקר-גולדשטיין-גורן - 72",4,407,
164250,02/09/2021,1,פעיל,02/09/2021,60000728,"4,352.54","1,357.62",מחשב נייח - DELL Optiplex,DELL OPTIPLEX 7090,6912,המכון לחקר המדבר)שדה בוקר),5130941,5S9YHH3,,,,,,7,קמפוס שדה בוקר,SB-25,,2,111,
164251,02/09/2021,1,פעיל,02/09/2021,60000728,"4,352.54","1,357.62",מחשב נייח - DELL Optiplex,DELL OPTIPLEX 7090,6912,המכון לחקר המדבר)שדה בוקר),5130941,CV9YHH3,,,,,,7,קמפוס שדה בוקר,SB-25,,2,111,
164252,02/09/2021,1,פעיל,02/09/2021,60000728,"4,352.54","1,357.62",מחשב נייח - DELL Optiplex,DELL OPTIPLEX 7090,6912,המכון לחקר המדבר)שדה בוקר),5130941,JS9YHH3,,,,,,7,קמפוס שדה בוקר,SB-25,,2,111,
164423,04/10/2021,1,פעיל,04/10/2021,60000728,"2,400.93",748.89,מחשב נייח - DELL Optiplex,Only Warranty .Windows 10 Pro (64Bit) Multi-Language English 3Y Parts  .Dell Multimedia Keyboard - Hebrew (QWERTY) - Black  .Optical Disk Drive Dell Optical Mouse-MS116 - Black  .DDR4 non-ECC Memory 512GB SSD M.2 8x DVD+/-RW 9.5mm  .2018 Registered (Silver) DVD+/-RW Bezel 16GB (2x8GB)  .Bronze) Compete Bid Use Only Intel Core i5-10500 EPEAT  .with 260W up to 85% efficiency PSU (up to 65W CPU  .Module (Discrete TPM Enabled) OptiPlex 7080 Tower  .DELL OPTIPLEX 7080 OptiPlex 7080 Tower Trusted Platform ,5104,מדעי החיים,5130351,25WLTC3,,,,,,5,קמפוס מרקוס,39,"בנין המכון למחקר ישומי במדעי החיים ע""ש דה 39-פיצ'וטו",2,227,
164609,11/10/2021,1,פעיל,11/10/2021,60000728,"4,631.91","1,444.76",מחשב נייח - DELL Optiplex,OptiPlex 7090 Micro,5556,מחקרים הנדסת חשמל,5129628,CSL3YH3,,,,,,5,קמפוס מרקוס,64,מתקן חלוץ - 64,1,107,
158078,28/01/2021,1,פעיל,01/08/2021,60000811,"9,607.26","2,996.65",מחשב נייד apple,נרכש עבור עמרי איזנקוט,5108,המחלקה למדעי המחשב,2417698,co2cx06rml88,9607.26,,,לא,לא,5,קמפוס מרקוס,37,בניין 37 אלון לטכנולוגיה עילית,0,7,
157481,30/10/2019,1,פעיל,16/08/2021,60001342,"3,422.00","1,067.38",מחשב נייד,מחשב לפי הצעת מחיר 64164 ,5901,דיקן הפקולטה למדעי הבריאות,4343734,PF1EAMCC,,,,לא,לא,1,מדעי הבריאות סורוקה,SRK,"בי""ח סורוקה -  כללי", - , - ,
160783,14/10/2020,3,מושאל,22/10/2020,60001477,"6,997.76","2,182.71","ThinkPad xxxx המחשב הקיים של החוקרת, שנקנה בשנת 2017, התקלקל ולא ניתן לתקן Lenovo   Laptop,","מחשב נייד LENOVO ThinkPad T14s Gen 1 אחריות 3 שנים, . לפי הצעת מחיר מפרט S201000817",6803,מכון בן גוריון ,4363704,PC1M6VQA,,,,,,7,קמפוס שדה בוקר,SB-14,,0,0,
141992,21/06/2020,1,פעיל,16/09/2020,60001556,"1,868.09",582.69,מחשב נייח,"בי""ס רקנאטי -שלוחה של בין גוריון ",6037,מדעי הבריאות,13385,pc177k9v,1868.09,,,לא,לא,,,,,,,
141993,21/06/2020,1,פעיל,16/09/2020,60001556,"1,868.09",582.69,מחשב נייח,עבור בית ספר רקנאטי -שלוחה של בין גוריון,6037,מדעי הבריאות,13385,,1868.09,,,לא,לא,,,,,,,
148347,25/05/2017,1,פעיל,25/05/2017,80000364,"10,530.00","3,284.47",עמדת מרצה משולבת מחשב,"פודיום מסך מחשב 22"" בנקיו ",5107,המחלקה למדעי כדור הארץ והסביבה,4290114,,,,,,,5,קמפוס מרקוס,58,"בנין מתמטיקה וגיאולוגיה ע""ש דייכמן-גרוסמן - 58",1,25,
153009,13/08/2018,1,פעיל,13/08/2018,80000364,"14,917.50","4,652.99",עמדת מרצה משולבת מחשב,"עמדת TechPod Presenter עמדה עשויה מתכת לבטיחות והגנה . מקסימלית לציוד האור-קולי.  מסך "" 21.5 LED שטוח, עם . זכוכית מגן להגנת המסך.  מערכת פיקוד ושליטה על מקרן . - פאנל לחצנים הכולל לחצני הפעלה וכיבוי למקרן, המאפשרים . למרצה פיקוד ושליטה של המקרן ישירות מהעמדה ללא צורך . בשלט רחוק.  ממתג המאפשר למתג בין המחשב הקבוע בעמדה . לבין מחשב נייד כולל SCALER מלא באיכות FHD .  הכנה . וחיווט פנימי למחשב בתצורת SFF  המחשב יסופק על ידי . הלקוח.  מגירת מקלדת.  חיבור מהיר למחשב נייד - VGA . ואודיו + כניסה דיגיטלית HDMI .  שקע חשמל לחיבור מטען . מחשב נייד.  חיבור USB קדמי בחזית העמדה.  חיבור למערכת . הגברה הקיימת באולם.  פוטנציומטר לשליטה על עוצמת קול . מיקרופון ושליטה על עוצמת קול כללית.  מיקרופון קונדנסר . מקצועי למרצה בעל ""צוואר גמיש""  התקנה מלאה באתר הלקוח. . 12  חודשי אחריות מלאה באתר הלקוח.",6260,מכון המים,4318656,,,,,,,7,קמפוס שדה בוקר,SB-11,,0,1,
150178,07/11/2017,5,נגרע,19/12/2017,60000728,"2,040.75",576.81,מחשב נייח - DELL Optiplex, מחשב נייח 7040 MT .OptiPlex I56500 MT. 3.2G 500/1X8G DVR VGA WIN10HOME מחשב. על פי הצעת מחיר Q17355110,5721,"או""ש",4307498,6JFGWL2,,,,,,5,קמפוס מרקוס,95,בנין מעבדות למחקרים מתקדמים)מט''מ) - 95,1,118,
140035,27/09/2016,5,נגרע,27/07/2021,60001460,"7,516.00","2,344.35",מחשב  נייד ,COMPUTER MICROSOFT SURFACE PRO4,5507,הנדסת מכונות,2382338,418261153,7516,133,,לא,לא,,,,,,,
